VariableCountDepth_0,java.lang.Float,java.util.concurrent.CopyOnWriteArrayList<java.lang.Float>,java.lang.Double,MethodInvocationsDepth_0,java.util.LinkedList<java.lang.Integer>,java.util.Vector<java.lang.Integer>,ReassignmentsDepth_0,java.util.Stack<java.lang.Double>,java.lang.Integer,java.util.Stack<java.lang.Long>,java.util.Vector<java.lang.Character>,BinaryOperatorsDepth_0,BranchCount,java.util.concurrent.CopyOnWriteArrayList<java.lang.Character>,java.lang.Character,java.lang.Long,java.util.Stack<java.lang.Integer>,java.util.concurrent.CopyOnWriteArrayList<java.lang.Long>,LoopCount,ThreadUsage,CyclomaticComplexity,java.util.Stack<java.lang.Float>,java.util.Vector<java.lang.Float>,java.util.concurrent.CopyOnWriteArrayList<java.lang.Integer>,java.util.Vector.indexOf(java.lang.Object),java.util.LinkedList.indexOf(java.lang.Object),LiteralCountDepth_0,java.util.Stack.indexOf(java.lang.Object),ImportsUsed,AssignmentsDepth_0,java.util.Vector<java.lang.Long>,java.util.concurrent.CopyOnWriteArrayList<java.lang.Double>,java.util.Stack<java.lang.Character>,ReturnType_int,java.util.concurrent.CopyOnWriteArrayList.indexOf(java.lang.Object),java.util.Vector<java.lang.Double>,VariableDeclarationsDepth_0,Input1,Input2,EnergyUsed,Filename
0,0,0,0,1,0,0,0,0,0,0,0,0,0,0,1,0,0,0,0,0,1,0,0,0,0,0,0,1,1,0,0,0,1,1,0,0,0,55000000,0,0.3212569669418004,IndexOfElemFalseColStack119
0,0,0,0,1,0,0,0,0,1,0,0,0,0,0,0,0,1,0,0,0,1,0,0,0,0,0,0,1,1,0,0,0,0,1,0,0,0,15000000,0,0.21613491160920473,IndexOfElemFalseColStack8
0,0,0,0,1,0,0,0,0,0,0,0,0,0,0,1,0,0,0,0,0,1,0,0,0,0,0,0,1,1,0,0,0,1,1,0,0,0,50000000,0,0.3195103126176228,IndexOfElemFalseColStack123
0,1,1,0,1,0,0,0,0,0,0,0,0,0,0,0,0,0,0,0,0,1,0,0,0,0,0,0,0,1,0,0,0,0,1,1,0,0,10000,0,1.5256736831084172E-4,IndexOfElemFalseColCopyOnWriteArrayList83
0,0,0,0,1,0,0,0,0,0,0,0,0,0,0,1,0,0,0,0,0,1,0,0,0,0,0,0,1,1,0,0,0,1,1,0,0,0,10000000,0,0.06872033898635019,IndexOfElemFalseColStack151
0,0,0,0,1,0,0,0,0,0,1,0,0,0,0,0,1,0,0,0,0,1,0,0,0,0,0,0,1,1,0,0,0,0,1,0,0,0,50000000,0,0.9914821756674709,IndexOfElemFalseColStack174
0,1,0,0,1,0,0,0,0,0,0,0,0,0,0,0,0,0,0,0,0,1,1,0,0,0,0,0,1,1,0,0,0,0,1,0,0,0,3000000,0,0.07777337765641479,IndexOfElemFalseColStack97
0,0,0,0,1,0,0,0,0,1,0,0,0,0,0,0,0,1,0,0,0,1,0,0,0,0,0,0,1,1,0,0,0,0,1,0,0,0,7500000,0,0.12043400081941524,IndexOfElemFalseColStack5
0,0,0,0,1,0,0,0,0,0,0,0,0,0,0,1,0,0,0,0,0,1,0,0,0,0,0,0,1,1,0,0,0,1,1,0,0,0,25,0,3.056377885773555E-7,IndexOfElemFalseColStack130
0,0,0,0,1,0,0,0,0,1,0,0,0,0,0,0,0,0,0,0,0,1,0,0,1,0,0,0,0,1,0,0,0,0,1,1,0,0,5,0,1.3678558126053935E-7,IndexOfElemFalseColCopyOnWriteArrayList20
0,1,0,0,1,0,0,0,0,0,0,0,0,0,0,0,0,0,0,0,0,1,1,0,0,0,0,0,1,1,0,0,0,0,1,0,0,0,1000,0,5.6743386588253196E-6,IndexOfElemFalseColStack83
0,0,0,0,1,0,0,0,0,0,0,0,0,0,0,0,1,0,0,0,0,1,0,0,0,1,0,0,0,1,0,1,0,0,1,0,0,0,55000000,0,0.9104512663702824,IndexOfElemFalseColVector163
0,0,0,0,1,0,0,0,0,1,0,0,0,0,0,0,0,0,0,0,0,1,0,0,1,0,0,0,0,1,0,0,0,0,1,1,0,0,250,0,1.5699501570827544E-6,IndexOfElemFalseColCopyOnWriteArrayList14
0,0,0,0,1,0,1,0,0,1,0,0,0,0,0,0,0,0,0,0,0,1,0,0,0,1,0,0,0,1,0,0,0,0,1,0,0,0,45000000,0,0.7455785571437203,IndexOfElemFalseColVector16
0,0,0,0,1,0,0,0,0,0,0,1,0,0,0,1,0,0,0,0,0,1,0,0,0,1,0,0,0,1,0,0,0,0,1,0,0,0,50000,0,1.6666804070896528E-4,IndexOfElemFalseColVector143
0,1,1,0,1,0,0,0,0,0,0,0,0,0,0,0,0,0,0,0,0,1,0,0,0,0,0,0,0,1,0,0,0,0,1,1,0,0,200000,0,0.0025375270263616957,IndexOfElemFalseColCopyOnWriteArrayList99
0,0,0,0,1,0,0,0,0,0,0,0,0,0,0,0,1,0,0,0,0,1,0,0,0,1,0,0,0,1,0,1,0,0,1,0,0,0,45000000,0,0.5338410124603142,IndexOfElemFalseColVector191
0,0,0,0,1,0,0,0,0,0,0,1,0,0,0,1,0,0,0,0,0,1,0,0,0,1,0,0,0,1,0,0,0,0,1,0,0,0,5,0,1.981829263872837E-7,IndexOfElemFalseColVector121
0,0,0,0,1,0,0,0,0,0,0,0,0,0,0,0,1,0,0,0,0,1,0,0,0,1,0,0,0,1,0,1,0,0,1,0,0,0,75000,0,5.824217265402955E-4,IndexOfElemFalseColVector194
0,0,0,0,1,0,0,0,0,0,0,0,0,0,0,1,0,0,0,0,0,1,0,0,0,0,0,0,1,1,0,0,0,1,1,0,0,0,250000,0,0.0016073762140835488,IndexOfElemFalseColStack144
0,1,0,0,1,0,0,0,0,0,0,0,0,0,0,0,0,0,0,0,0,1,1,0,0,0,0,0,1,1,0,0,0,0,1,0,0,0,30000000,0,0.5490532164113741,IndexOfElemFalseColStack106
0,0,0,0,1,0,0,0,0,1,0,0,0,0,0,0,0,1,0,0,0,1,0,0,0,0,0,0,1,1,0,0,0,0,1,0,0,0,1000000,0,0.012593714723388806,IndexOfElemFalseColStack25
0,0,0,0,1,0,0,0,0,1,0,0,0,0,0,0,0,1,0,0,0,1,0,0,0,0,0,0,1,1,0,0,0,0,1,0,0,0,500,0,3.003773210037518E-6,IndexOfElemFalseColStack20
0,0,0,0,1,0,1,0,0,1,0,0,0,0,0,0,0,0,0,0,0,1,0,0,0,1,0,0,0,1,0,0,0,0,1,0,0,0,500000,0,0.009170450448812898,IndexOfElemFalseColVector12
0,0,0,0,1,0,0,0,0,0,1,0,0,0,0,0,1,0,0,0,0,1,0,0,0,0,0,0,1,1,0,0,0,0,1,0,0,0,10,0,1.5657342179387676E-7,IndexOfElemFalseColStack187
0,0,0,1,1,0,0,0,0,0,0,0,0,0,0,0,0,0,0,0,0,1,0,0,0,1,0,0,0,1,0,0,0,0,1,0,1,0,50000000,0,0.9247981210855777,IndexOfElemFalseColVector76
0,0,0,0,1,0,0,0,0,0,0,0,0,0,0,0,1,0,0,0,0,1,0,0,0,1,0,0,0,1,0,1,0,0,1,0,0,0,2000000,0,0.027930473651050218,IndexOfElemFalseColVector170
0,0,0,0,1,0,0,0,0,0,0,0,0,0,0,0,1,0,0,0,0,1,0,0,0,1,0,0,0,1,0,1,0,0,1,0,0,0,100000,0,4.109767371602381E-4,IndexOfElemFalseColVector180
0,0,0,0,1,0,0,0,0,1,0,0,0,0,0,0,0,1,0,0,0,1,0,0,0,0,0,0,1,1,0,0,0,0,1,0,0,0,250000,0,0.0018535356618717036,IndexOfElemFalseColStack23
0,0,0,0,1,0,1,0,0,1,0,0,0,0,0,0,0,0,0,0,0,1,0,0,0,1,0,0,0,1,0,0,0,0,1,0,0,0,100,0,5.372356790345192E-7,IndexOfElemFalseColVector29
0,0,0,0,1,0,0,0,0,1,0,0,0,0,0,0,0,0,0,0,0,1,0,0,1,0,0,0,0,1,0,0,0,0,1,1,0,0,1000,0,5.234177281518751E-6,IndexOfElemFalseColCopyOnWriteArrayList12
0,0,0,0,1,0,0,0,0,0,0,0,0,0,0,0,1,0,0,0,0,1,0,0,0,1,0,0,0,1,0,1,0,0,1,0,0,0,500000,0,0.014402439899485371,IndexOfElemFalseColVector174
0,0,0,0,1,0,0,0,0,1,0,0,0,0,0,0,0,1,0,0,0,1,0,0,0,0,0,0,1,1,0,0,0,0,1,0,0,0,50000000,0,0.6635210802361616,IndexOfElemFalseColStack27
0,1,0,0,1,0,0,0,0,0,0,0,0,0,0,0,0,0,0,0,0,1,0,1,0,1,0,0,0,1,0,0,0,0,1,0,0,0,15000000,0,0.1797209387828793,IndexOfElemFalseColVector101
0,0,0,1,1,0,0,0,1,0,0,0,0,0,0,0,0,0,0,0,0,1,0,0,0,0,0,0,1,1,0,0,0,0,1,0,0,0,5,0,2.2602735917865568E-7,IndexOfElemFalseColStack75
0,0,0,0,1,0,1,0,0,1,0,0,0,0,0,0,0,0,0,0,0,1,0,0,0,1,0,0,0,1,0,0,0,0,1,0,0,0,750000,0,0.018724253420031048,IndexOfElemFalseColVector27
0,0,0,0,1,0,0,0,0,0,1,0,0,0,0,0,1,0,0,0,0,1,0,0,0,0,0,0,1,1,0,0,0,0,1,0,0,0,250000,0,0.0035775613374294233,IndexOfElemFalseColStack166
0,0,0,0,1,0,0,0,0,0,1,0,0,0,0,0,1,0,0,0,0,1,0,0,0,0,0,0,1,1,0,0,0,0,1,0,0,0,2000000,0,0.04409365199636283,IndexOfElemFalseColStack189
0,0,0,0,1,0,0,0,0,1,0,0,0,0,0,0,0,1,0,0,0,1,0,0,0,0,0,0,1,1,0,0,0,0,1,0,0,0,50000,0,3.1729787529304E-4,IndexOfElemFalseColStack21
0,0,0,0,1,0,0,0,0,1,0,0,0,0,0,0,0,1,0,0,0,1,0,0,0,0,0,0,1,1,0,0,0,0,1,0,0,0,5,0,1.34398573419463E-7,IndexOfElemFalseColStack32
0,0,0,0,1,0,0,0,0,0,1,0,0,0,0,0,1,0,0,0,0,1,0,0,0,0,0,0,1,1,0,0,0,0,1,0,0,0,1,0,1.2861006289457492E-7,IndexOfElemFalseColStack184
0,0,0,0,1,0,1,0,0,1,0,0,0,0,0,0,0,0,0,0,0,1,0,0,0,1,0,0,0,1,0,0,0,0,1,0,0,0,75000,0,2.82819179167112E-4,IndexOfElemFalseColVector13
0,0,0,0,1,0,0,0,0,0,0,0,0,0,0,1,0,0,0,0,0,1,0,0,0,0,0,0,1,1,0,0,0,1,1,0,0,0,15000000,0,0.07099583598524489,IndexOfElemFalseColStack126
0,0,0,0,1,0,0,0,0,0,1,0,0,0,0,0,1,0,0,0,0,1,0,0,0,0,0,0,1,1,0,0,0,0,1,0,0,0,100,0,7.051410120594049E-7,IndexOfElemFalseColStack178
0,0,0,0,1,0,0,0,0,0,0,0,0,0,0,1,0,0,0,0,0,1,0,0,0,0,0,0,1,1,0,0,0,1,1,0,0,0,50000,0,2.0886962836538914E-4,IndexOfElemFalseColStack139
0,0,0,1,1,0,0,0,0,0,0,0,0,0,0,0,0,0,0,0,0,1,0,0,0,0,0,0,0,1,0,0,1,0,1,1,0,0,1000,0,8.490892730098253E-6,IndexOfElemFalseColCopyOnWriteArrayList64
0,0,0,0,1,0,0,0,0,0,0,1,0,0,0,1,0,0,0,0,0,1,0,0,0,1,0,0,0,1,0,0,0,0,1,0,0,0,3000000,0,0.013509329432205536,IndexOfElemFalseColVector149
0,0,0,0,1,0,0,0,0,1,0,0,0,0,0,0,0,1,0,0,0,1,0,0,0,0,0,0,1,1,0,0,0,0,1,0,0,0,3000000,0,0.0389428652343599,IndexOfElemFalseColStack36
0,0,0,1,1,0,0,0,1,0,0,0,0,0,0,0,0,0,0,0,0,1,0,0,0,0,0,0,1,1,0,0,0,0,1,0,0,0,25,0,3.098457406203406E-7,IndexOfElemFalseColStack77
0,0,0,0,1,0,0,0,0,0,0,0,0,0,0,1,0,0,0,0,0,1,0,0,0,0,0,0,1,1,0,0,0,1,1,0,0,0,5000,0,1.7431906375490005E-5,IndexOfElemFalseColStack129
0,0,0,0,1,0,0,0,0,0,0,0,0,0,0,1,0,0,0,0,0,1,0,0,0,0,0,0,1,1,0,0,0,1,1,0,0,0,30000000,0,0.1883799269387397,IndexOfElemFalseColStack141
0,0,0,1,1,0,0,0,1,0,0,0,0,0,0,0,0,0,0,0,0,1,0,0,0,0,0,0,1,1,0,0,0,0,1,0,0,0,45000000,0,1.0119160010825892,IndexOfElemFalseColStack41
0,0,0,0,1,0,0,0,0,0,0,1,0,0,0,1,0,0,0,0,0,1,0,0,0,1,0,0,0,1,0,0,0,0,1,0,0,0,100000,0,6.192558637498084E-4,IndexOfElemFalseColVector144
0,0,0,0,1,0,0,0,0,0,0,1,0,0,0,1,0,0,0,0,0,1,0,0,0,1,0,0,0,1,0,0,0,0,1,0,0,0,7500000,0,0.053369528391801875,IndexOfElemFalseColVector150
0,0,0,0,1,0,0,0,0,0,0,1,0,0,0,1,0,0,0,0,0,1,0,0,0,1,0,0,0,1,0,0,0,0,1,0,0,0,250,0,1.2453516689581708E-6,IndexOfElemFalseColVector133
0,0,0,0,1,0,0,0,0,1,0,0,0,0,0,0,0,1,0,0,0,1,0,0,0,0,0,0,1,1,0,0,0,0,1,0,0,0,2500,0,7.601361891330896E-6,IndexOfElemFalseColStack19
0,0,0,0,1,0,1,0,0,1,0,0,0,0,0,0,0,0,0,0,0,1,0,0,0,1,0,0,0,1,0,0,0,0,1,0,0,0,10000000,0,0.10827331737209536,IndexOfElemFalseColVector10
0,1,0,0,1,0,0,0,0,0,0,0,0,0,0,0,0,0,0,0,0,1,0,1,0,1,0,0,0,1,0,0,0,0,1,0,0,0,500000,0,0.00915496347621823,IndexOfElemFalseColVector91
0,0,0,0,1,0,0,0,0,0,0,1,0,0,0,1,0,0,0,0,0,1,0,0,0,1,0,0,0,1,0,0,0,0,1,0,0,0,350000,0,0.0018262025717097178,IndexOfElemFalseColVector127
0,0,0,1,1,0,0,0,0,0,0,0,0,0,0,0,0,0,0,0,0,1,0,0,0,1,0,0,0,1,0,0,0,0,1,0,1,0,500000,0,0.010856064406486494,IndexOfElemFalseColVector70
0,0,0,0,1,0,0,0,0,0,0,0,0,0,0,1,0,0,0,0,0,1,0,0,0,0,0,0,1,1,0,0,0,1,1,0,0,0,1,0,1.5819751777482171E-7,IndexOfElemFalseColStack154
0,1,0,0,1,0,0,0,0,0,0,0,0,0,0,0,0,0,0,0,0,1,0,1,0,1,0,0,0,1,0,0,0,0,1,0,0,0,5,0,1.8477531402023317E-7,IndexOfElemFalseColVector97
0,0,0,0,1,0,0,0,0,1,0,0,0,0,0,0,0,0,0,0,0,1,0,0,1,0,0,0,0,1,0,0,0,0,1,1,0,0,200000,0,0.0058240508948443764,IndexOfElemFalseColCopyOnWriteArrayList24
0,0,0,1,1,0,0,0,0,0,0,0,0,0,0,0,0,0,0,0,0,1,0,0,0,1,0,0,0,1,0,0,0,0,1,0,1,0,5000000,0,0.1204612501728034,IndexOfElemFalseColVector64
0,0,0,0,1,0,0,0,0,0,0,1,0,0,0,1,0,0,0,0,0,1,0,0,0,1,0,0,0,1,0,0,0,0,1,0,0,0,1,0,2.0108530526332126E-7,IndexOfElemFalseColVector153
0,0,0,0,1,0,0,0,0,0,0,0,0,0,0,0,1,0,0,0,0,1,0,0,0,1,0,0,0,1,0,1,0,0,1,0,0,0,5000000,0,0.08263393004371525,IndexOfElemFalseColVector193
0,1,0,0,1,0,0,0,0,0,0,0,0,0,0,0,0,0,0,0,0,1,0,1,0,1,0,0,0,1,0,0,0,0,1,0,0,0,10000,0,6.904671293224639E-5,IndexOfElemFalseColVector116
0,1,0,0,1,0,0,0,0,0,0,0,0,0,0,0,0,0,0,0,0,1,1,0,0,0,0,0,1,1,0,0,0,0,1,0,0,0,500,0,3.866779854462703E-6,IndexOfElemFalseColStack111
0,0,0,0,1,0,0,0,0,1,0,0,0,0,0,0,0,1,0,0,0,1,0,0,0,0,0,0,1,1,0,0,0,0,1,0,0,0,1,0,1.870165360506063E-7,IndexOfElemFalseColStack14
0,0,0,0,1,0,1,0,0,1,0,0,0,0,0,0,0,0,0,0,0,1,0,0,0,1,0,0,0,1,0,0,0,0,1,0,0,0,1000,0,3.945521667892252E-6,IndexOfElemFalseColVector31
0,1,0,0,1,0,0,0,0,0,0,0,0,0,0,0,0,0,0,0,0,1,1,0,0,0,0,0,1,1,0,0,0,0,1,0,0,0,2000000,0,0.029077847157909908,IndexOfElemFalseColStack85
0,1,1,0,1,0,0,0,0,0,0,0,0,0,0,0,0,0,0,0,0,1,0,0,0,0,0,0,0,1,0,0,0,0,1,1,0,0,5000,0,1.1386641870922488E-4,IndexOfElemFalseColCopyOnWriteArrayList86
0,0,0,1,1,0,0,0,0,0,0,0,0,0,0,0,0,0,0,0,0,1,0,0,0,1,0,0,0,1,0,0,0,0,1,0,1,0,5,0,1.0590822553144586E-7,IndexOfElemFalseColVector43
0,0,0,0,1,0,0,0,0,0,0,0,0,0,0,0,1,0,1,0,0,1,0,0,0,0,0,0,0,1,0,0,0,0,1,1,0,0,200000,0,8.94503021060573E-4,IndexOfElemFalseColCopyOnWriteArrayList167
0,0,0,0,1,0,0,0,0,0,0,0,0,0,0,0,1,0,0,0,0,1,0,0,0,1,0,0,0,1,0,1,0,0,1,0,0,0,350000,0,0.006790872422701125,IndexOfElemFalseColVector165
0,0,0,0,1,0,0,0,0,0,1,0,0,0,0,0,1,0,0,0,0,1,0,0,0,0,0,0,1,1,0,0,0,0,1,0,0,0,150000,0,8.10467254959827E-4,IndexOfElemFalseColStack177
0,0,0,0,1,0,0,0,0,0,0,0,0,0,0,1,0,0,0,0,0,1,0,0,0,0,0,0,1,1,0,0,0,1,1,0,0,0,75000000,0,0.40246644000321247,IndexOfElemFalseColStack133
0,0,0,0,1,0,1,0,0,1,0,0,0,0,0,0,0,0,0,0,0,1,0,0,0,1,0,0,0,1,0,0,0,0,1,0,0,0,55000000,0,0.6680264654844486,IndexOfElemFalseColVector0
0,0,0,0,1,0,0,0,0,0,0,0,0,0,0,0,1,0,1,0,0,1,0,0,0,0,0,0,0,1,0,0,0,0,1,1,0,0,5,0,1.2522698020075305E-7,IndexOfElemFalseColCopyOnWriteArrayList163
0,0,0,0,1,0,0,0,0,0,0,0,0,0,0,0,1,0,0,0,0,1,0,0,0,1,0,0,0,1,0,1,0,0,1,0,0,0,10000000,0,0.19157040376420276,IndexOfElemFalseColVector157
0,1,0,0,1,0,0,0,0,0,0,0,0,0,0,0,0,0,0,0,0,1,1,0,0,0,0,0,1,1,0,0,0,0,1,0,0,0,200000,0,0.001787620236420413,IndexOfElemFalseColStack101
0,0,0,0,1,0,0,0,0,0,0,0,0,0,1,1,0,0,0,0,0,1,0,0,0,0,0,0,0,1,0,0,0,0,1,1,0,0,2500,0,8.1071147080799E-6,IndexOfElemFalseColCopyOnWriteArrayList142
0,0,0,0,1,0,1,0,0,1,0,0,0,0,0,0,0,0,0,0,0,1,0,0,0,1,0,0,0,1,0,0,0,0,1,0,0,0,250000,0,0.003003223546997559,IndexOfElemFalseColVector22
0,0,0,0,1,0,0,0,0,0,0,0,0,0,0,1,0,0,0,0,0,1,0,0,0,0,0,0,1,1,0,0,0,1,1,0,0,0,100000,0,5.68445375307174E-4,IndexOfElemFalseColStack117
0,0,0,0,1,0,0,0,0,0,0,0,0,0,0,1,0,0,0,0,0,1,0,0,0,0,0,0,1,1,0,0,0,1,1,0,0,0,500000,0,0.0020768193927005155,IndexOfElemFalseColStack121
0,1,0,0,1,0,0,0,0,0,0,0,0,0,0,0,0,0,0,0,0,1,0,1,0,1,0,0,0,1,0,0,0,0,1,0,0,0,100000,0,5.813251815361758E-4,IndexOfElemFalseColVector94
0,0,0,1,1,0,0,0,0,0,0,0,0,0,0,0,0,0,0,0,0,1,0,0,0,1,0,0,0,1,0,0,0,0,1,0,1,0,25,0,3.957214142330464E-7,IndexOfElemFalseColVector41
0,0,0,1,1,0,0,0,1,0,0,0,0,0,0,0,0,0,0,0,0,1,0,0,0,0,0,0,1,1,0,0,0,0,1,0,0,0,500,0,3.4286700883780602E-6,IndexOfElemFalseColStack62
0,0,0,1,1,0,0,0,0,0,0,0,0,0,0,0,0,0,0,0,0,1,0,0,0,1,0,0,0,1,0,0,0,0,1,0,1,0,500,0,3.054720492592391E-6,IndexOfElemFalseColVector63
0,0,0,0,1,0,1,0,0,1,0,0,0,0,0,0,0,0,0,0,0,1,0,0,0,1,0,0,0,1,0,0,0,0,1,0,0,0,10,0,1.850636587212378E-7,IndexOfElemFalseColVector9
0,1,0,0,1,0,0,0,0,0,0,0,0,0,0,0,0,0,0,0,0,1,1,0,0,0,0,0,1,1,0,0,0,0,1,0,0,0,1500000,0,0.02118551097576618,IndexOfElemFalseColStack96
0,1,0,0,1,0,0,0,0,0,0,0,0,0,0,0,0,0,0,0,0,1,0,1,0,1,0,0,0,1,0,0,0,0,1,0,0,0,1,0,2.0171234519413215E-7,IndexOfElemFalseColVector79
0,0,0,0,1,0,1,0,0,1,0,0,0,0,0,0,0,0,0,0,0,1,0,0,0,1,0,0,0,1,0,0,0,0,1,0,0,0,2500,0,1.0724983701697516E-5,IndexOfElemFalseColVector24
0,0,0,1,1,0,0,0,1,0,0,0,0,0,0,0,0,0,0,0,0,1,0,0,0,0,0,0,1,1,0,0,0,0,1,0,0,0,2000000,0,0.03667858551152644,IndexOfElemFalseColStack49
0,0,0,0,1,0,0,0,0,0,0,1,0,0,0,1,0,0,0,0,0,1,0,0,0,1,0,0,0,1,0,0,0,0,1,0,0,0,2500,0,1.280203538431593E-5,IndexOfElemFalseColVector130
0,0,0,0,1,0,0,0,0,0,0,0,0,0,0,0,1,0,0,0,0,1,0,0,0,1,0,0,0,1,0,1,0,0,1,0,0,0,75000000,0,1.1603303104733775,IndexOfElemFalseColVector178
0,1,0,0,1,0,0,0,0,0,0,0,0,0,0,0,0,0,0,0,0,1,1,0,0,0,0,0,1,1,0,0,0,0,1,0,0,0,50000000,0,0.6260250440540501,IndexOfElemFalseColStack84
0,1,0,0,1,0,0,0,0,0,0,0,0,0,0,0,0,0,0,0,0,1,0,1,0,1,0,0,0,1,0,0,0,0,1,0,0,0,200000,0,0.0014536665204844328,IndexOfElemFalseColVector96
0,0,0,0,1,0,1,0,0,1,0,0,0,0,0,0,0,0,0,0,0,1,0,0,0,1,0,0,0,1,0,0,0,0,1,0,0,0,1000000,0,0.01405322910089976,IndexOfElemFalseColVector33
0,0,0,1,1,0,0,0,0,0,0,0,0,0,0,0,0,0,0,0,0,1,0,0,0,1,0,0,0,1,0,0,0,0,1,0,1,0,1500000,0,0.0379608927806911,IndexOfElemFalseColVector47
0,0,0,0,1,0,0,0,0,0,0,0,0,0,0,1,0,0,0,0,0,1,0,0,0,0,0,0,1,1,0,0,0,1,1,0,0,0,750000,0,0.00252313806607525,IndexOfElemFalseColStack122
0,0,0,0,1,0,0,0,0,0,1,0,0,0,0,0,1,0,0,0,0,1,0,0,0,0,0,0,1,1,0,0,0,0,1,0,0,0,350000,0,0.006722027387808624,IndexOfElemFalseColStack170
0,0,0,0,1,0,0,0,0,0,0,0,0,0,1,1,0,0,0,0,0,1,0,0,0,0,0,0,0,1,0,0,0,0,1,1,0,0,100000,0,2.991749464225257E-4,IndexOfElemFalseColCopyOnWriteArrayList146
0,0,0,1,1,0,0,0,0,0,0,0,0,0,0,0,0,0,0,0,0,1,0,0,0,0,0,0,0,1,0,0,1,0,1,1,0,0,100000,0,0.0025506337124518354,IndexOfElemFalseColCopyOnWriteArrayList45
0,0,0,1,1,0,0,0,0,0,0,0,0,0,0,0,0,0,0,0,0,1,0,0,0,1,0,0,0,1,0,0,0,0,1,0,1,0,1,0,1.667173315026838E-7,IndexOfElemFalseColVector40
0,0,0,1,1,0,0,0,1,0,0,0,0,0,0,0,0,0,0,0,0,1,0,0,0,0,0,0,1,1,0,0,0,0,1,0,0,0,3000000,0,0.05430087825554496,IndexOfElemFalseColStack67
0,0,0,1,1,0,0,0,0,0,0,0,0,0,0,0,0,0,0,0,0,1,0,0,0,1,0,0,0,1,0,0,0,0,1,0,1,0,200000,0,0.004026086086031189,IndexOfElemFalseColVector59
0,1,0,0,1,0,0,0,0,0,0,0,0,0,0,0,0,0,0,0,0,1,1,0,0,0,0,0,1,1,0,0,0,0,1,0,0,0,55000000,0,0.6447717680103483,IndexOfElemFalseColStack100
0,0,0,0,1,0,0,0,0,0,0,0,0,0,0,0,1,0,1,0,0,1,0,0,0,0,0,0,0,1,0,0,0,0,1,1,0,0,10000,0,2.2866032225465408E-4,IndexOfElemFalseColCopyOnWriteArrayList191
0,1,0,0,1,0,0,0,0,0,0,0,0,0,0,0,0,0,0,0,0,1,1,0,0,0,0,0,1,1,0,0,0,0,1,0,0,0,7500000,0,0.09138374517382272,IndexOfElemFalseColStack98
0,1,0,0,1,0,0,0,0,0,0,0,0,0,0,0,0,0,0,0,0,1,1,0,0,0,0,0,1,1,0,0,0,0,1,0,0,0,1,0,1.766877085740586E-7,IndexOfElemFalseColStack99
0,0,0,0,1,0,0,0,0,0,0,0,0,0,0,0,1,0,0,0,0,1,0,0,0,1,0,0,0,1,0,1,0,0,1,0,0,0,10000,0,5.725025105334889E-5,IndexOfElemFalseColVector192
0,0,0,0,1,0,0,0,0,1,0,0,0,0,0,0,0,0,0,0,0,1,0,0,1,0,0,0,0,1,0,0,0,0,1,1,0,0,2500,0,1.7183536528359516E-5,IndexOfElemFalseColCopyOnWriteArrayList33
0,1,1,0,1,0,0,0,0,0,0,0,0,0,0,0,0,0,0,0,0,1,0,0,0,0,0,0,0,1,0,0,0,0,1,1,0,0,250000,0,0.0055758164088168275,IndexOfElemFalseColCopyOnWriteArrayList113
0,1,0,0,1,0,0,0,0,0,0,0,0,0,0,0,0,0,0,0,0,1,1,0,0,0,0,0,1,1,0,0,0,0,1,0,0,0,250,0,2.194000158375866E-6,IndexOfElemFalseColStack103
0,0,0,0,1,0,0,0,0,0,0,1,0,0,0,1,0,0,0,0,0,1,0,0,0,1,0,0,0,1,0,0,0,0,1,0,0,0,30000000,0,0.15103731448479166,IndexOfElemFalseColVector136
0,0,0,1,1,0,0,0,1,0,0,0,0,0,0,0,0,0,0,0,0,1,0,0,0,0,0,0,1,1,0,0,0,0,1,0,0,0,50,0,8.22858989997776E-7,IndexOfElemFalseColStack71
0,0,0,1,1,0,0,0,0,0,0,0,0,0,0,0,0,0,0,0,0,1,0,0,0,0,0,0,0,1,0,0,1,0,1,1,0,0,50,0,6.192227735874496E-7,IndexOfElemFalseColCopyOnWriteArrayList46
0,0,0,0,1,0,0,0,0,0,0,1,0,0,0,1,0,0,0,0,0,1,0,0,0,1,0,0,0,1,0,0,0,0,1,0,0,0,75000000,0,0.4860828916809247,IndexOfElemFalseColVector152
0,0,0,0,1,0,0,0,0,0,1,0,0,0,0,0,1,0,0,0,0,1,0,0,0,0,0,0,1,1,0,0,0,0,1,0,0,0,5000000,0,0.0935358036996948,IndexOfElemFalseColStack164
0,0,0,0,1,0,0,0,0,0,0,1,0,0,0,1,0,0,0,0,0,1,0,0,0,1,0,0,0,1,0,0,0,0,1,0,0,0,75000,0,2.1636368492434306E-4,IndexOfElemFalseColVector118
0,0,0,0,1,0,0,0,0,0,1,0,0,0,0,0,1,0,0,0,0,1,0,0,0,0,0,0,1,1,0,0,0,0,1,0,0,0,5000,0,3.888478196705204E-5,IndexOfElemFalseColStack176
0,0,0,0,1,0,0,0,0,0,0,0,0,0,0,0,1,0,1,0,0,1,0,0,0,0,0,0,0,1,0,0,0,0,1,1,0,0,150000,0,6.955056575514867E-4,IndexOfElemFalseColCopyOnWriteArrayList185
0,1,0,0,1,0,0,0,0,0,0,0,0,0,0,0,0,0,0,0,0,1,0,1,0,1,0,0,0,1,0,0,0,0,1,0,0,0,25,0,3.042956176294072E-7,IndexOfElemFalseColVector103
0,0,0,0,1,0,0,0,0,1,0,0,0,0,0,0,0,1,0,0,0,1,0,0,0,0,0,0,1,1,0,0,0,0,1,0,0,0,10000000,0,0.1430548287763764,IndexOfElemFalseColStack4
0,1,0,0,1,0,0,0,0,0,0,0,0,0,0,0,0,0,0,0,0,1,1,0,0,0,0,0,1,1,0,0,0,0,1,0,0,0,20000000,0,0.4025325708786098,IndexOfElemFalseColStack105
0,1,1,0,1,0,0,0,0,0,0,0,0,0,0,0,0,0,0,0,0,1,0,0,0,0,0,0,0,1,0,0,0,0,1,1,0,0,25000,0,2.0787629506161133E-4,IndexOfElemFalseColCopyOnWriteArrayList88
0,0,0,1,1,0,0,0,1,0,0,0,0,0,0,0,0,0,0,0,0,1,0,0,0,0,0,0,1,1,0,0,0,0,1,0,0,0,50000,0,4.243463974551188E-4,IndexOfElemFalseColStack45
0,0,0,0,1,0,0,0,0,0,0,0,0,0,1,1,0,0,0,0,0,1,0,0,0,0,0,0,0,1,0,0,0,0,1,1,0,0,75000,0,2.642746610024083E-4,IndexOfElemFalseColCopyOnWriteArrayList152
0,0,0,0,1,0,0,0,0,0,0,0,0,0,0,0,1,0,1,0,0,1,0,0,0,0,0,0,0,1,0,0,0,0,1,1,0,0,50,0,2.8728862785444297E-7,IndexOfElemFalseColCopyOnWriteArrayList178
0,0,0,1,1,0,0,0,0,0,0,0,0,0,0,0,0,0,0,0,0,1,0,0,0,0,0,0,0,1,0,0,1,0,1,1,0,0,75000,0,5.769001338784352E-4,IndexOfElemFalseColCopyOnWriteArrayList68
0,1,1,0,1,0,0,0,0,0,0,0,0,0,0,0,0,0,0,0,0,1,0,0,0,0,0,0,0,1,0,0,0,0,1,1,0,0,2500,0,2.9754328671016245E-5,IndexOfElemFalseColCopyOnWriteArrayList105
0,0,0,1,1,0,0,0,0,0,0,0,0,0,0,0,0,0,0,0,0,1,0,0,0,1,0,0,0,1,0,0,0,0,1,0,1,0,15000000,0,0.2184080300616906,IndexOfElemFalseColVector58
0,1,0,0,1,0,0,0,0,0,0,0,0,0,0,0,0,0,0,0,0,1,0,1,0,1,0,0,0,1,0,0,0,0,1,0,0,0,3000000,0,0.025899820930537235,IndexOfElemFalseColVector106
0,0,0,0,1,0,0,0,0,0,0,0,0,0,0,0,1,0,1,0,0,1,0,0,0,0,0,0,0,1,0,0,0,0,1,1,0,0,1,0,1.5891347455664286E-7,IndexOfElemFalseColCopyOnWriteArrayList160
0,0,0,1,1,0,0,0,0,0,0,0,0,0,0,0,0,0,0,0,0,1,0,0,0,1,0,0,0,1,0,0,0,0,1,0,1,0,1000,0,5.40259074450419E-6,IndexOfElemFalseColVector45
0,1,0,0,1,0,0,0,0,0,0,0,0,0,0,0,0,0,0,0,0,1,0,1,0,1,0,0,0,1,0,0,0,0,1,0,0,0,25000,0,2.593794737690763E-4,IndexOfElemFalseColVector104
0,1,0,0,1,0,0,0,0,0,0,0,0,0,0,0,0,0,0,0,0,1,1,0,0,0,0,0,1,1,0,0,0,0,1,0,0,0,500000,0,0.006033226844375,IndexOfElemFalseColStack80
0,0,0,0,1,0,0,0,0,0,0,0,0,0,0,0,1,0,1,0,0,1,0,0,0,0,0,0,0,1,0,0,0,0,1,1,0,0,250,0,1.2697415201257975E-6,IndexOfElemFalseColCopyOnWriteArrayList181
0,0,0,0,1,0,0,0,0,1,0,0,0,0,0,0,0,1,0,0,0,1,0,0,0,0,0,0,1,1,0,0,0,0,1,0,0,0,75000,0,3.142930103260672E-4,IndexOfElemFalseColStack31
0,1,1,0,1,0,0,0,0,0,0,0,0,0,0,0,0,0,0,0,0,1,0,0,0,0,0,0,0,1,0,0,0,0,1,1,0,0,50,0,5.160333982072779E-7,IndexOfElemFalseColCopyOnWriteArrayList90
0,0,0,0,1,0,1,0,0,1,0,0,0,0,0,0,0,0,0,0,0,1,0,0,0,1,0,0,0,1,0,0,0,0,1,0,0,0,60000000,0,0.8494026443231446,IndexOfElemFalseColVector2
0,0,0,0,1,0,0,0,0,0,0,0,0,0,0,0,1,0,0,0,0,1,0,0,0,1,0,0,0,1,0,1,0,0,1,0,0,0,250,0,1.4397942734554247E-6,IndexOfElemFalseColVector188
0,0,0,1,1,0,0,0,0,0,0,0,0,0,0,0,0,0,0,0,0,1,0,0,0,0,0,0,0,1,0,0,1,0,1,1,0,0,10000,0,1.6553351719910824E-4,IndexOfElemFalseColCopyOnWriteArrayList44
0,1,0,0,1,0,0,0,0,0,0,0,0,0,0,0,0,0,0,0,0,1,0,1,0,1,0,0,0,1,0,0,0,0,1,0,0,0,10,0,2.512168398874273E-7,IndexOfElemFalseColVector83
0,0,0,1,1,0,0,0,0,0,0,0,0,0,0,0,0,0,0,0,0,1,0,0,0,1,0,0,0,1,0,0,0,0,1,0,1,0,50000,0,2.341214140649415E-4,IndexOfElemFalseColVector50
0,0,0,0,1,0,0,0,0,0,0,0,0,0,0,0,1,0,0,0,0,1,0,0,0,1,0,0,0,1,0,1,0,0,1,0,0,0,30000000,0,1.1050036166671662,IndexOfElemFalseColVector181
0,1,1,0,1,0,0,0,0,0,0,0,0,0,0,0,0,0,0,0,0,1,0,0,0,0,0,0,0,1,0,0,0,0,1,1,0,0,500,0,3.0004247363506382E-6,IndexOfElemFalseColCopyOnWriteArrayList115
0,0,0,0,1,0,0,0,0,1,0,0,0,0,0,0,0,1,0,0,0,1,0,0,0,0,0,0,1,1,0,0,0,0,1,0,0,0,40000000,0,0.5533847281811499,IndexOfElemFalseColStack38
0,0,0,0,1,0,0,0,0,1,0,0,0,0,0,0,0,1,0,0,0,1,0,0,0,0,0,0,1,1,0,0,0,0,1,0,0,0,30000000,0,0.4230652794632696,IndexOfElemFalseColStack10
0,0,0,0,1,0,0,0,0,0,1,0,0,0,0,0,1,0,0,0,0,1,0,0,0,0,0,0,1,1,0,0,0,0,1,0,0,0,7500000,0,0.10927752752519107,IndexOfElemFalseColStack188
0,0,0,0,1,0,0,0,0,0,1,0,0,0,0,0,1,0,0,0,0,1,0,0,0,0,0,0,1,1,0,0,0,0,1,0,0,0,25000,0,1.29888507441261E-4,IndexOfElemFalseColStack157
0,0,0,0,1,0,1,0,0,1,0,0,0,0,0,0,0,0,0,0,0,1,0,0,0,1,0,0,0,1,0,0,0,0,1,0,0,0,5000,0,2.3401546500393606E-5,IndexOfElemFalseColVector37
0,0,0,0,1,0,0,0,0,0,0,0,0,0,0,1,0,0,0,0,0,1,0,0,0,0,0,0,1,1,0,0,0,1,1,0,0,0,500,0,2.9476193692753672E-6,IndexOfElemFalseColStack131
0,0,0,0,1,0,0,0,0,0,0,0,0,0,0,0,1,0,0,0,0,1,0,0,0,1,0,0,0,1,0,1,0,0,1,0,0,0,1,0,1.4138845589463917E-7,IndexOfElemFalseColVector171
0,0,0,1,1,0,0,0,1,0,0,0,0,0,0,0,0,0,0,0,0,1,0,0,0,0,0,0,1,1,0,0,0,0,1,0,0,0,60000000,0,1.065097472074613,IndexOfElemFalseColStack42
0,1,0,0,1,0,0,0,0,0,0,0,0,0,0,0,0,0,0,0,0,1,0,1,0,1,0,0,0,1,0,0,0,0,1,0,0,0,30000000,0,0.5702844651333084,IndexOfElemFalseColVector98
0,0,0,0,1,0,1,0,0,1,0,0,0,0,0,0,0,0,0,0,0,1,0,0,0,1,0,0,0,1,0,0,0,0,1,0,0,0,200000,0,0.0010241010564236146,IndexOfElemFalseColVector26
0,0,0,0,1,0,0,0,0,0,1,0,0,0,0,0,1,0,0,0,0,1,0,0,0,0,0,0,1,1,0,0,0,0,1,0,0,0,100000,0,4.294956055130867E-4,IndexOfElemFalseColStack169
0,0,0,0,1,0,0,0,0,0,0,0,0,0,0,0,1,0,0,0,0,1,0,0,0,1,0,0,0,1,0,1,0,0,1,0,0,0,7500000,0,0.0740280277220146,IndexOfElemFalseColVector177
0,1,0,0,1,0,0,0,0,0,0,0,0,0,0,0,0,0,0,0,0,1,0,1,0,1,0,0,0,1,0,0,0,0,1,0,0,0,2500,0,2.6056411521586013E-5,IndexOfElemFalseColVector110
0,0,0,0,1,0,0,0,0,1,0,0,0,0,0,0,0,1,0,0,0,1,0,0,0,0,0,0,1,1,0,0,0,0,1,0,0,0,5000,0,1.4841317447704105E-5,IndexOfElemFalseColStack1
0,0,0,0,1,0,0,0,0,0,1,0,0,0,0,0,1,0,0,0,0,1,0,0,0,0,0,0,1,1,0,0,0,0,1,0,0,0,45000000,0,1.0979769943324895,IndexOfElemFalseColStack159
0,0,0,1,1,0,0,0,1,0,0,0,0,0,0,0,0,0,0,0,0,1,0,0,0,0,0,0,1,1,0,0,0,0,1,0,0,0,1500000,0,0.021569389516233946,IndexOfElemFalseColStack48
0,0,0,1,1,0,0,0,1,0,0,0,0,0,0,0,0,0,0,0,0,1,0,0,0,0,0,0,1,1,0,0,0,0,1,0,0,0,1,0,2.0852134649678337E-7,IndexOfElemFalseColStack56
0,0,0,1,1,0,0,0,0,0,0,0,0,0,0,0,0,0,0,0,0,1,0,0,0,1,0,0,0,1,0,0,0,0,1,0,1,0,250000,0,0.003929382772862108,IndexOfElemFalseColVector48
0,0,0,0,1,0,0,0,0,1,0,0,0,0,0,0,0,0,0,0,0,1,0,0,1,0,0,0,0,1,0,0,0,0,1,1,0,0,100000,0,4.2011149993173E-4,IndexOfElemFalseColCopyOnWriteArrayList26
0,0,0,1,1,0,0,0,0,0,0,0,0,0,0,0,0,0,0,0,0,1,0,0,0,0,0,0,0,1,0,0,1,0,1,1,0,0,25000,0,1.7461595743008043E-4,IndexOfElemFalseColCopyOnWriteArrayList69
0,0,0,0,1,0,0,0,0,1,0,0,0,0,0,0,0,0,0,0,0,1,0,0,1,0,0,0,0,1,0,0,0,0,1,1,0,0,5000,0,6.538712559812637E-5,IndexOfElemFalseColCopyOnWriteArrayList10
0,0,0,0,1,0,0,0,0,0,0,0,0,0,0,0,1,0,1,0,0,1,0,0,0,0,0,0,0,1,0,0,0,0,1,1,0,0,500,0,4.052698590829387E-6,IndexOfElemFalseColCopyOnWriteArrayList168
0,0,0,0,1,0,0,0,0,1,0,0,0,0,0,0,0,1,0,0,0,1,0,0,0,0,0,0,1,1,0,0,0,0,1,0,0,0,75000000,0,1.262126131238925,IndexOfElemFalseColStack34
0,1,0,0,1,0,0,0,0,0,0,0,0,0,0,0,0,0,0,0,0,1,0,1,0,1,0,0,0,1,0,0,0,0,1,0,0,0,4000000,0,0.09019342345959049,IndexOfElemFalseColVector111
0,0,0,0,1,0,0,0,0,0,0,0,0,0,1,1,0,0,0,0,0,1,0,0,0,0,0,0,0,1,0,0,0,0,1,1,0,0,50,0,4.273734973869653E-7,IndexOfElemFalseColCopyOnWriteArrayList155
0,1,0,0,1,0,0,0,0,0,0,0,0,0,0,0,0,0,0,0,0,1,1,0,0,0,0,0,1,1,0,0,0,0,1,0,0,0,2500,0,1.6012381265772E-5,IndexOfElemFalseColStack104
0,0,0,0,1,0,0,0,0,0,0,0,0,0,0,0,1,0,1,0,0,1,0,0,0,0,0,0,0,1,0,0,0,0,1,1,0,0,25000,0,1.157946321729559E-4,IndexOfElemFalseColCopyOnWriteArrayList171
0,1,0,0,1,0,0,0,0,0,0,0,0,0,0,0,0,0,0,0,0,1,0,1,0,1,0,0,0,1,0,0,0,0,1,0,0,0,50,0,3.773662292961751E-7,IndexOfElemFalseColVector114
0,0,0,1,1,0,0,0,0,0,0,0,0,0,0,0,0,0,0,0,0,1,0,0,0,1,0,0,0,1,0,0,0,0,1,0,1,0,350000,0,0.004896737465857444,IndexOfElemFalseColVector51
0,0,0,0,1,0,0,0,0,1,0,0,0,0,0,0,0,1,0,0,0,1,0,0,0,0,0,0,1,1,0,0,0,0,1,0,0,0,350000,0,0.003781212807466454,IndexOfElemFalseColStack2
0,0,0,0,1,0,0,0,0,0,0,0,0,0,0,0,1,0,0,0,0,1,0,0,0,1,0,0,0,1,0,1,0,0,1,0,0,0,50,0,3.0983228690196287E-7,IndexOfElemFalseColVector190
0,1,0,0,1,0,0,0,0,0,0,0,0,0,0,0,0,0,0,0,0,1,1,0,0,0,0,0,1,1,0,0,0,0,1,0,0,0,350000,0,0.0058214132720977915,IndexOfElemFalseColStack79
0,1,0,0,1,0,0,0,0,0,0,0,0,0,0,0,0,0,0,0,0,1,0,1,0,1,0,0,0,1,0,0,0,0,1,0,0,0,55000000,0,0.8440486622028823,IndexOfElemFalseColVector102
0,0,0,0,1,0,0,0,0,0,0,0,0,0,0,0,1,0,1,0,0,1,0,0,0,0,0,0,0,1,0,0,0,0,1,1,0,0,5000,0,9.742248228089507E-5,IndexOfElemFalseColCopyOnWriteArrayList187
0,0,0,0,1,0,0,0,0,0,1,0,0,0,0,0,1,0,0,0,0,1,0,0,0,0,0,0,1,1,0,0,0,0,1,0,0,0,40000000,0,0.5266231081481189,IndexOfElemFalseColStack160
0,0,0,0,1,0,0,0,0,0,1,0,0,0,0,0,1,0,0,0,0,1,0,0,0,0,0,0,1,1,0,0,0,0,1,0,0,0,1500000,0,0.029273775081465028,IndexOfElemFalseColStack191
0,0,0,0,1,0,0,0,0,0,1,0,0,0,0,0,1,0,0,0,0,1,0,0,0,0,0,0,1,1,0,0,0,0,1,0,0,0,750000,0,0.01708949959093224,IndexOfElemFalseColStack171
0,0,0,0,1,0,0,0,0,0,1,0,0,0,0,0,1,0,0,0,0,1,0,0,0,0,0,0,1,1,0,0,0,0,1,0,0,0,1000000,0,0.01835235381007078,IndexOfElemFalseColStack190
0,0,0,0,1,0,0,0,0,0,0,0,0,0,0,1,0,0,0,0,0,1,0,0,0,0,0,0,1,1,0,0,0,1,1,0,0,0,25000,0,1.2123533501472752E-4,IndexOfElemFalseColStack127
0,0,0,0,1,0,0,0,0,0,0,0,0,0,0,0,1,0,0,0,0,1,0,0,0,1,0,0,0,1,0,1,0,0,1,0,0,0,25000,0,1.6681707642965418E-4,IndexOfElemFalseColVector172
0,0,0,0,1,0,0,0,0,1,0,0,0,0,0,0,0,0,0,0,0,1,0,0,1,0,0,0,0,1,0,0,0,0,1,1,0,0,1,0,1.3854379686323137E-7,IndexOfElemFalseColCopyOnWriteArrayList32
0,0,0,0,1,0,0,0,0,0,0,0,0,0,0,1,0,0,0,0,0,1,0,0,0,0,0,0,1,1,0,0,0,1,1,0,0,0,1000,0,3.9929693475267524E-6,IndexOfElemFalseColStack137
0,0,0,1,1,0,0,0,1,0,0,0,0,0,0,0,0,0,0,0,0,1,0,0,0,0,0,0,1,1,0,0,0,0,1,0,0,0,2500,0,1.9132352235192154E-5,IndexOfElemFalseColStack64
0,0,0,0,1,0,0,0,0,0,0,1,0,0,0,1,0,0,0,0,0,1,0,0,0,1,0,0,0,1,0,0,0,0,1,0,0,0,25,0,2.583576483922586E-7,IndexOfElemFalseColVector119
0,0,0,0,1,0,0,0,0,0,1,0,0,0,0,0,1,0,0,0,0,1,0,0,0,0,0,0,1,1,0,0,0,0,1,0,0,0,4000000,0,0.06497791759524138,IndexOfElemFalseColStack163
0,1,0,0,1,0,0,0,0,0,0,0,0,0,0,0,0,0,0,0,0,1,0,1,0,1,0,0,0,1,0,0,0,0,1,0,0,0,40000000,0,0.5352456607118254,IndexOfElemFalseColVector84
0,0,0,0,1,0,0,0,0,0,0,0,0,0,1,1,0,0,0,0,0,1,0,0,0,0,0,0,0,1,0,0,0,0,1,1,0,0,150000,0,4.7954015433388474E-4,IndexOfElemFalseColCopyOnWriteArrayList121
0,0,0,0,1,0,0,0,0,0,1,0,0,0,0,0,1,0,0,0,0,1,0,0,0,0,0,0,1,1,0,0,0,0,1,0,0,0,50000,0,2.8187973683707894E-4,IndexOfElemFalseColStack186
0,0,0,0,1,0,1,0,0,1,0,0,0,0,0,0,0,0,0,0,0,1,0,0,0,1,0,0,0,1,0,0,0,0,1,0,0,0,15000000,0,0.2069648698017949,IndexOfElemFalseColVector36
0,1,0,0,1,0,0,0,0,0,0,0,0,0,0,0,0,0,0,0,0,1,1,0,0,0,0,0,1,1,0,0,0,0,1,0,0,0,100000,0,8.192908753470525E-4,IndexOfElemFalseColStack94
0,0,0,0,1,0,0,0,0,0,0,0,0,0,0,0,1,0,0,0,0,1,0,0,0,1,0,0,0,1,0,1,0,0,1,0,0,0,40000000,0,0.9626254631934928,IndexOfElemFalseColVector189
0,0,0,0,1,0,1,0,0,1,0,0,0,0,0,0,0,0,0,0,0,1,0,0,0,1,0,0,0,1,0,0,0,0,1,0,0,0,500,0,2.5374413905660743E-6,IndexOfElemFalseColVector23
0,0,0,1,1,0,0,0,0,0,0,0,0,0,0,0,0,0,0,0,0,1,0,0,0,1,0,0,0,1,0,0,0,0,1,0,1,0,100,0,7.977681576961217E-7,IndexOfElemFalseColVector69
0,0,0,0,1,0,0,0,0,1,0,0,0,0,0,0,0,1,0,0,0,1,0,0,0,0,0,0,1,1,0,0,0,0,1,0,0,0,10,0,1.817534585806053E-7,IndexOfElemFalseColStack9
0,0,0,0,1,0,0,0,0,0,0,0,0,0,0,0,1,0,0,0,0,1,0,0,0,1,0,0,0,1,0,1,0,0,1,0,0,0,750000,0,0.01634884465961235,IndexOfElemFalseColVector176
0,0,0,0,1,0,0,0,0,1,0,0,0,0,0,0,0,0,0,0,0,1,0,0,1,0,0,0,0,1,0,0,0,0,1,1,0,0,500,0,3.513608444083645E-6,IndexOfElemFalseColCopyOnWriteArrayList16
0,0,0,0,1,0,0,0,0,0,0,0,0,0,0,1,0,0,0,0,0,1,0,0,0,0,0,0,1,1,0,0,0,1,1,0,0,0,3000000,0,0.012588322993296498,IndexOfElemFalseColStack149
0,1,0,0,1,0,0,0,0,0,0,0,0,0,0,0,0,0,0,0,0,1,1,0,0,0,0,0,1,1,0,0,0,0,1,0,0,0,5,0,2.52979400386216E-7,IndexOfElemFalseColStack87
0,0,0,0,1,0,1,0,0,1,0,0,0,0,0,0,0,0,0,0,0,1,0,0,0,1,0,0,0,1,0,0,0,0,1,0,0,0,50000000,0,0.6336141635046145,IndexOfElemFalseColVector14
0,0,0,1,1,0,0,0,1,0,0,0,0,0,0,0,0,0,0,0,0,1,0,0,0,0,0,0,1,1,0,0,0,0,1,0,0,0,40000000,0,0.8994091119289666,IndexOfElemFalseColStack59
0,0,0,0,1,0,1,0,0,1,0,0,0,0,0,0,0,0,0,0,0,1,0,0,0,1,0,0,0,1,0,0,0,0,1,0,0,0,50000,0,1.9420254098069525E-4,IndexOfElemFalseColVector18
0,0,0,0,1,0,0,0,0,0,0,1,0,0,0,1,0,0,0,0,0,1,0,0,0,1,0,0,0,1,0,0,0,0,1,0,0,0,45000000,0,0.33859689205572535,IndexOfElemFalseColVector142
0,1,0,0,1,0,0,0,0,0,0,0,0,0,0,0,0,0,0,0,0,1,0,1,0,1,0,0,0,1,0,0,0,0,1,0,0,0,50000,0,5.023937425036942E-4,IndexOfElemFalseColVector108
0,1,0,0,1,0,0,0,0,0,0,0,0,0,0,0,0,0,0,0,0,1,1,0,0,0,0,0,1,1,0,0,0,0,1,0,0,0,250000,0,0.004985917522368004,IndexOfElemFalseColStack82
0,0,0,0,1,0,0,0,0,1,0,0,0,0,0,0,0,1,0,0,0,1,0,0,0,0,0,0,1,1,0,0,0,0,1,0,0,0,55000000,0,0.7694503053139261,IndexOfElemFalseColStack11
0,0,0,1,1,0,0,0,0,0,0,0,0,0,0,0,0,0,0,0,0,1,0,0,0,0,0,0,0,1,0,0,1,0,1,1,0,0,5000,0,1.3257746097646762E-4,IndexOfElemFalseColCopyOnWriteArrayList54
0,1,1,0,1,0,0,0,0,0,0,0,0,0,0,0,0,0,0,0,0,1,0,0,0,0,0,0,0,1,0,0,0,0,1,1,0,0,100000,0,8.615773718103857E-4,IndexOfElemFalseColCopyOnWriteArrayList92
0,0,0,0,1,0,0,0,0,0,0,0,0,0,0,0,1,0,1,0,0,1,0,0,0,0,0,0,0,1,0,0,0,0,1,1,0,0,10,0,2.2474116457904284E-7,IndexOfElemFalseColCopyOnWriteArrayList165
0,1,0,0,1,0,0,0,0,0,0,0,0,0,0,0,0,0,0,0,0,1,0,1,0,1,0,0,0,1,0,0,0,0,1,0,0,0,45000000,0,0.4776773020012212,IndexOfElemFalseColVector107
0,0,0,0,1,0,1,0,0,1,0,0,0,0,0,0,0,0,0,0,0,1,0,0,0,1,0,0,0,1,0,0,0,0,1,0,0,0,2000000,0,0.027728999105849184,IndexOfElemFalseColVector1
0,0,0,0,1,0,0,0,0,0,0,1,0,0,0,1,0,0,0,0,0,1,0,0,0,1,0,0,0,1,0,0,0,0,1,0,0,0,150000,0,8.222919326911935E-4,IndexOfElemFalseColVector137
0,0,0,0,1,0,0,0,0,1,0,0,0,0,0,0,0,1,0,0,0,1,0,0,0,0,0,0,1,1,0,0,0,0,1,0,0,0,100,0,4.626902645367979E-7,IndexOfElemFalseColStack35
0,0,0,0,1,0,0,0,0,0,0,0,0,0,0,0,1,0,1,0,0,1,0,0,0,0,0,0,0,1,0,0,0,0,1,1,0,0,75000,0,5.481773669131143E-4,IndexOfElemFalseColCopyOnWriteArrayList170
0,0,0,1,1,0,0,0,1,0,0,0,0,0,0,0,0,0,0,0,0,1,0,0,0,0,0,0,1,1,0,0,0,0,1,0,0,0,100,0,9.77594106936451E-7,IndexOfElemFalseColStack52
0,0,0,0,1,0,0,0,0,0,1,0,0,0,0,0,1,0,0,0,0,1,0,0,0,0,0,0,1,1,0,0,0,0,1,0,0,0,15000000,0,0.25616768599695316,IndexOfElemFalseColStack182
0,0,0,1,1,0,0,0,0,0,0,0,0,0,0,0,0,0,0,0,0,1,0,0,0,1,0,0,0,1,0,0,0,0,1,0,1,0,100000,0,9.45097962610249E-4,IndexOfElemFalseColVector49
0,0,0,0,1,0,1,0,0,1,0,0,0,0,0,0,0,0,0,0,0,1,0,0,0,1,0,0,0,1,0,0,0,0,1,0,0,0,4000000,0,0.07173417510435513,IndexOfElemFalseColVector34
0,0,0,1,1,0,0,0,1,0,0,0,0,0,0,0,0,0,0,0,0,1,0,0,0,0,0,0,1,1,0,0,0,0,1,0,0,0,150000,0,0.0015270397724956955,IndexOfElemFalseColStack39
0,0,0,0,1,0,0,0,0,0,0,0,0,0,0,1,0,0,0,0,0,1,0,0,0,0,0,0,1,1,0,0,0,1,1,0,0,0,75000,0,3.3765456036649355E-4,IndexOfElemFalseColStack143
0,0,0,0,1,0,0,0,0,0,0,0,0,0,1,1,0,0,0,0,0,1,0,0,0,0,0,0,0,1,0,0,0,0,1,1,0,0,100,0,6.794286806818116E-7,IndexOfElemFalseColCopyOnWriteArrayList120
0,1,0,0,1,0,0,0,0,0,0,0,0,0,0,0,0,0,0,0,0,1,1,0,0,0,0,0,1,1,0,0,0,0,1,0,0,0,100,0,8.311508626602176E-7,IndexOfElemFalseColStack114
0,1,0,0,1,0,0,0,0,0,0,0,0,0,0,0,0,0,0,0,0,1,1,0,0,0,0,0,1,1,0,0,0,0,1,0,0,0,50000,0,3.1434972565409926E-4,IndexOfElemFalseColStack92
0,0,0,0,1,0,0,0,0,0,0,0,0,0,0,0,1,0,0,0,0,1,0,0,0,1,0,0,0,1,0,1,0,0,1,0,0,0,10,0,2.0805980521710196E-7,IndexOfElemFalseColVector160
0,0,0,1,1,0,0,0,1,0,0,0,0,0,0,0,0,0,0,0,0,1,0,0,0,0,0,0,1,1,0,0,0,0,1,0,0,0,10000000,0,0.2137383037123461,IndexOfElemFalseColStack47
0,0,0,0,1,0,0,0,0,0,0,1,0,0,0,1,0,0,0,0,0,1,0,0,0,1,0,0,0,1,0,0,0,0,1,0,0,0,5000000,0,0.027295758897184896,IndexOfElemFalseColVector128
0,0,0,0,1,0,0,0,0,0,0,1,0,0,0,1,0,0,0,0,0,1,0,0,0,1,0,0,0,1,0,0,0,0,1,0,0,0,10,0,2.3436463608596553E-7,IndexOfElemFalseColVector138
0,0,0,0,1,0,0,0,0,1,0,0,0,0,0,0,0,0,0,0,0,1,0,0,1,0,0,0,0,1,0,0,0,0,1,1,0,0,25,0,2.3960356007789987E-7,IndexOfElemFalseColCopyOnWriteArrayList23
0,0,0,1,1,0,0,0,1,0,0,0,0,0,0,0,0,0,0,0,0,1,0,0,0,0,0,0,1,1,0,0,0,0,1,0,0,0,250,0,1.9965213486049677E-6,IndexOfElemFalseColStack66
0,0,0,0,1,0,0,0,0,0,0,0,0,0,1,1,0,0,0,0,0,1,0,0,0,0,0,0,0,1,0,0,0,0,1,1,0,0,5,0,1.926598130251262E-7,IndexOfElemFalseColCopyOnWriteArrayList137
0,0,0,0,1,0,0,0,0,1,0,0,0,0,0,0,0,1,0,0,0,1,0,0,0,0,0,0,1,1,0,0,0,0,1,0,0,0,25,0,1.7580014545906128E-7,IndexOfElemFalseColStack29
0,0,0,0,1,0,0,0,0,0,1,0,0,0,0,0,1,0,0,0,0,1,0,0,0,0,0,0,1,1,0,0,0,0,1,0,0,0,10000,0,4.62677021925765E-5,IndexOfElemFalseColStack173
0,0,0,0,1,0,0,0,0,0,0,1,0,0,0,1,0,0,0,0,0,1,0,0,0,1,0,0,0,1,0,0,0,0,1,0,0,0,250000,0,0.001078629713614144,IndexOfElemFalseColVector125
0,0,0,0,1,0,0,0,0,0,0,1,0,0,0,1,0,0,0,0,0,1,0,0,0,1,0,0,0,1,0,0,0,0,1,0,0,0,60000000,0,0.24166386736942302,IndexOfElemFalseColVector155
0,0,0,0,1,0,1,0,0,1,0,0,0,0,0,0,0,0,0,0,0,1,0,0,0,1,0,0,0,1,0,0,0,0,1,0,0,0,30000000,0,0.4975247010414977,IndexOfElemFalseColVector32
0,0,0,0,1,0,0,0,0,1,0,0,0,0,0,0,0,0,0,0,0,1,0,0,1,0,0,0,0,1,0,0,0,0,1,1,0,0,100,0,6.416866548875396E-7,IndexOfElemFalseColCopyOnWriteArrayList19
0,0,0,0,1,0,0,0,0,0,0,1,0,0,0,1,0,0,0,0,0,1,0,0,0,1,0,0,0,1,0,0,0,0,1,0,0,0,10000,0,2.4090421449593494E-5,IndexOfElemFalseColVector120
0,1,1,0,1,0,0,0,0,0,0,0,0,0,0,0,0,0,0,0,0,1,0,0,0,0,0,0,0,1,0,0,0,0,1,1,0,0,25,0,2.8052000820250377E-7,IndexOfElemFalseColCopyOnWriteArrayList101
0,0,0,0,1,0,0,0,0,1,0,0,0,0,0,0,0,0,0,0,0,1,0,0,1,0,0,0,0,1,0,0,0,0,1,1,0,0,50000,0,2.0114410531174478E-4,IndexOfElemFalseColCopyOnWriteArrayList35
0,0,0,0,1,0,0,0,0,1,0,0,0,0,0,0,0,1,0,0,0,1,0,0,0,0,0,0,1,1,0,0,0,0,1,0,0,0,5000000,0,0.11862890191398141,IndexOfElemFalseColStack28
0,0,0,1,1,0,0,0,0,0,0,0,0,0,0,0,0,0,0,0,0,1,0,0,0,0,0,0,0,1,0,0,1,0,1,1,0,0,100,0,9.727092361847087E-7,IndexOfElemFalseColCopyOnWriteArrayList77
0,0,0,0,1,0,0,0,0,0,0,0,0,0,1,1,0,0,0,0,0,1,0,0,0,0,0,0,0,1,0,0,0,0,1,1,0,0,5000,0,2.057408970295102E-5,IndexOfElemFalseColCopyOnWriteArrayList123
0,0,0,1,1,0,0,0,1,0,0,0,0,0,0,0,0,0,0,0,0,1,0,0,0,0,0,0,1,1,0,0,0,0,1,0,0,0,1000,0,8.710641222694152E-6,IndexOfElemFalseColStack60
0,1,0,0,1,0,0,0,0,0,0,0,0,0,0,0,0,0,0,0,0,1,1,0,0,0,0,0,1,1,0,0,0,0,1,0,0,0,25000,0,1.8904113667395203E-4,IndexOfElemFalseColStack78
0,0,0,0,1,0,0,0,0,0,0,0,0,0,0,0,1,0,1,0,0,1,0,0,0,0,0,0,0,1,0,0,0,0,1,1,0,0,2500,0,2.220960226645203E-5,IndexOfElemFalseColCopyOnWriteArrayList158
0,0,0,1,1,0,0,0,0,0,0,0,0,0,0,0,0,0,0,0,0,1,0,0,0,1,0,0,0,1,0,0,0,0,1,0,1,0,45000000,0,0.9499503944453295,IndexOfElemFalseColVector53
0,0,0,0,1,0,0,0,0,0,0,0,0,0,0,0,1,0,0,0,0,1,0,0,0,1,0,0,0,1,0,1,0,0,1,0,0,0,25,0,2.5591514717768655E-7,IndexOfElemFalseColVector159
0,0,0,1,1,0,0,0,0,0,0,0,0,0,0,0,0,0,0,0,0,1,0,0,0,1,0,0,0,1,0,0,0,0,1,0,1,0,55000000,0,1.122933304151753,IndexOfElemFalseColVector55
0,0,0,0,1,0,0,0,0,0,0,0,0,0,0,0,1,0,0,0,0,1,0,0,0,1,0,0,0,1,0,1,0,0,1,0,0,0,200000,0,0.0023800802284694375,IndexOfElemFalseColVector175
0,1,0,0,1,0,0,0,0,0,0,0,0,0,0,0,0,0,0,0,0,1,1,0,0,0,0,0,1,1,0,0,0,0,1,0,0,0,750000,0,0.014971890386063398,IndexOfElemFalseColStack95
0,0,0,1,1,0,0,0,0,0,0,0,0,0,0,0,0,0,0,0,0,1,0,0,0,1,0,0,0,1,0,0,0,0,1,0,1,0,30000000,0,0.4690260995307729,IndexOfElemFalseColVector75
0,0,0,0,1,0,0,0,0,0,0,0,0,0,0,1,0,0,0,0,0,1,0,0,0,0,0,0,1,1,0,0,0,1,1,0,0,0,150000,0,7.477675356895924E-4,IndexOfElemFalseColStack124
0,0,0,1,1,0,0,0,0,0,0,0,0,0,0,0,0,0,0,0,0,1,0,0,0,1,0,0,0,1,0,0,0,0,1,0,1,0,750000,0,0.011613799856154607,IndexOfElemFalseColVector67
0,0,0,0,1,0,0,0,0,0,0,1,0,0,0,1,0,0,0,0,0,1,0,0,0,1,0,0,0,1,0,0,0,0,1,0,0,0,15000000,0,0.05920676607267883,IndexOfElemFalseColVector123
0,0,0,0,1,0,0,0,0,0,0,1,0,0,0,1,0,0,0,0,0,1,0,0,0,1,0,0,0,1,0,0,0,0,1,0,0,0,55000000,0,0.24490253551264535,IndexOfElemFalseColVector129
0,1,0,0,1,0,0,0,0,0,0,0,0,0,0,0,0,0,0,0,0,1,1,0,0,0,0,0,1,1,0,0,0,0,1,0,0,0,10000,0,5.722860927853877E-5,IndexOfElemFalseColStack108
0,0,0,0,1,0,0,0,0,1,0,0,0,0,0,0,0,1,0,0,0,1,0,0,0,0,0,0,1,1,0,0,0,0,1,0,0,0,20000000,0,0.23242441831351154,IndexOfElemFalseColStack15
0,1,0,0,1,0,0,0,0,0,0,0,0,0,0,0,0,0,0,0,0,1,0,1,0,1,0,0,0,1,0,0,0,0,1,0,0,0,50000000,0,0.9760586682030533,IndexOfElemFalseColVector87
0,1,0,0,1,0,0,0,0,0,0,0,0,0,0,0,0,0,0,0,0,1,1,0,0,0,0,0,1,1,0,0,0,0,1,0,0,0,150000,0,0.0018103721274854668,IndexOfElemFalseColStack110
0,0,0,0,1,0,1,0,0,1,0,0,0,0,0,0,0,0,0,0,0,1,0,0,0,1,0,0,0,1,0,0,0,0,1,0,0,0,25000,0,9.70052330504448E-5,IndexOfElemFalseColVector35
0,1,0,0,1,0,0,0,0,0,0,0,0,0,0,0,0,0,0,0,0,1,0,1,0,1,0,0,0,1,0,0,0,0,1,0,0,0,7500000,0,0.19957229507276816,IndexOfElemFalseColVector86
0,0,0,0,1,1,0,0,0,1,0,0,0,0,0,0,0,0,0,0,0,1,0,0,0,0,1,0,0,1,0,0,0,0,1,0,0,0,7500000,0,0.31270544389757865,IndexOfElemFalseColLinkedList0
0,0,0,0,1,0,0,0,0,0,0,0,0,0,0,1,0,0,0,0,0,1,0,0,0,0,0,0,1,1,0,0,0,1,1,0,0,0,60000000,0,0.5932007291844451,IndexOfElemFalseColStack155
0,0,0,0,1,0,0,0,0,0,0,1,0,0,0,1,0,0,0,0,0,1,0,0,0,1,0,0,0,1,0,0,0,0,1,0,0,0,40000000,0,0.2138305942793789,IndexOfElemFalseColVector131
0,0,0,1,1,0,0,0,0,0,0,0,0,0,0,0,0,0,0,0,0,1,0,0,0,1,0,0,0,1,0,0,0,0,1,0,1,0,1000000,0,0.026397370493776176,IndexOfElemFalseColVector66
0,0,0,1,1,0,0,0,0,0,0,0,0,0,0,0,0,0,0,0,0,1,0,0,0,0,0,0,0,1,0,0,1,0,1,1,0,0,150000,0,7.144167045341056E-4,IndexOfElemFalseColCopyOnWriteArrayList49
0,0,0,0,1,0,0,0,0,1,0,0,0,0,0,0,0,1,0,0,0,1,0,0,0,0,0,0,1,1,0,0,0,0,1,0,0,0,50,0,5.586912277907675E-7,IndexOfElemFalseColStack18
0,1,0,0,1,0,0,0,0,0,0,0,0,0,0,0,0,0,0,0,0,1,1,0,0,0,0,0,1,1,0,0,0,0,1,0,0,0,4000000,0,0.09155493202717797,IndexOfElemFalseColStack113
0,0,0,0,1,0,1,0,0,1,0,0,0,0,0,0,0,0,0,0,0,1,0,0,0,1,0,0,0,1,0,0,0,0,1,0,0,0,250,0,1.1462868323491351E-6,IndexOfElemFalseColVector8
0,0,0,0,1,0,0,0,0,0,0,0,0,0,0,1,0,0,0,0,0,1,0,0,0,0,0,0,1,1,0,0,0,1,1,0,0,0,50,0,4.963142907289701E-7,IndexOfElemFalseColStack134
0,0,0,1,1,0,0,0,0,0,0,0,0,0,0,0,0,0,0,0,0,1,0,0,0,1,0,0,0,1,0,0,0,0,1,0,1,0,75000000,0,1.5854123648735081,IndexOfElemFalseColVector65
0,1,0,0,1,0,0,0,0,0,0,0,0,0,0,0,0,0,0,0,0,1,0,1,0,1,0,0,0,1,0,0,0,0,1,0,0,0,1000000,0,0.014393333802685789,IndexOfElemFalseColVector89
0,1,1,0,1,0,0,0,0,0,0,0,0,0,0,0,0,0,0,0,0,1,0,0,0,0,0,0,0,1,0,0,0,0,1,1,0,0,1000,0,8.916895809258531E-6,IndexOfElemFalseColCopyOnWriteArrayList112
0,0,0,1,1,0,0,0,0,0,0,0,0,0,0,0,0,0,0,0,0,1,0,0,0,1,0,0,0,1,0,0,0,0,1,0,1,0,2000000,0,0.031223378077946947,IndexOfElemFalseColVector57
0,0,0,0,1,0,0,0,0,0,0,1,0,0,0,1,0,0,0,0,0,1,0,0,0,1,0,0,0,1,0,0,0,0,1,0,0,0,4000000,0,0.023330823765762974,IndexOfElemFalseColVector117
0,0,0,0,1,0,0,0,0,0,0,0,0,0,0,0,1,0,1,0,0,1,0,0,0,0,0,0,0,1,0,0,0,0,1,1,0,0,25,0,3.306895382756835E-7,IndexOfElemFalseColCopyOnWriteArrayList190
0,0,0,0,1,0,0,0,0,0,0,1,0,0,0,1,0,0,0,0,0,1,0,0,0,1,0,0,0,1,0,0,0,0,1,0,0,0,200000,0,6.481192067560179E-4,IndexOfElemFalseColVector145
0,0,0,1,1,0,0,0,0,0,0,0,0,0,0,0,0,0,0,0,0,1,0,0,0,1,0,0,0,1,0,0,0,0,1,0,1,0,2500,0,1.2029812494916644E-5,IndexOfElemFalseColVector73
0,0,0,0,1,0,1,0,0,1,0,0,0,0,0,0,0,0,0,0,0,1,0,0,0,1,0,0,0,1,0,0,0,0,1,0,0,0,25,0,3.3224164140326983E-7,IndexOfElemFalseColVector4
0,0,0,0,1,0,0,0,0,0,1,0,0,0,0,0,1,0,0,0,0,1,0,0,0,0,0,0,1,1,0,0,0,0,1,0,0,0,75000,0,3.810774476949051E-4,IndexOfElemFalseColStack194
0,0,0,0,1,0,0,0,0,0,0,1,0,0,0,1,0,0,0,0,0,1,0,0,0,1,0,0,0,1,0,0,0,0,1,0,0,0,10000000,0,0.06525132507704437,IndexOfElemFalseColVector148
0,0,0,0,1,0,1,0,0,1,0,0,0,0,0,0,0,0,0,0,0,1,0,0,0,1,0,0,0,1,0,0,0,0,1,0,0,0,20000000,0,0.4212557697900706,IndexOfElemFalseColVector25
0,1,0,0,1,0,0,0,0,0,0,0,0,0,0,0,0,0,0,0,0,1,0,1,0,1,0,0,0,1,0,0,0,0,1,0,0,0,75000000,0,0.9332432229652444,IndexOfElemFalseColVector112
0,0,0,0,1,0,0,0,0,0,0,1,0,0,0,1,0,0,0,0,0,1,0,0,0,1,0,0,0,1,0,0,0,0,1,0,0,0,100,0,4.3764216628689765E-7,IndexOfElemFalseColVector124
0,1,0,0,1,0,0,0,0,0,0,0,0,0,0,0,0,0,0,0,0,1,1,0,0,0,0,0,1,1,0,0,0,0,1,0,0,0,45000000,0,0.7437737764522673,IndexOfElemFalseColStack93
0,0,0,0,1,0,0,0,0,0,0,0,0,0,0,1,0,0,0,0,0,1,0,0,0,0,0,0,1,1,0,0,0,1,1,0,0,0,5000000,0,0.025515043949638525,IndexOfElemFalseColStack128
0,0,0,0,1,0,0,0,0,0,0,0,0,0,0,1,0,0,0,0,0,1,0,0,0,0,0,0,1,1,0,0,0,1,1,0,0,0,20000000,0,0.13777373715393687,IndexOfElemFalseColStack153
0,0,0,0,1,0,1,0,0,1,0,0,0,0,0,0,0,0,0,0,0,1,0,0,0,1,0,0,0,1,0,0,0,0,1,0,0,0,1,0,1.6027875027990923E-7,IndexOfElemFalseColVector38
0,0,0,0,1,0,0,0,0,0,0,0,0,0,0,1,0,0,0,0,0,1,0,0,0,0,0,0,1,1,0,0,0,1,1,0,0,0,2000000,0,0.00929307864008753,IndexOfElemFalseColStack148
0,0,0,0,1,0,0,0,0,1,0,0,0,0,0,0,0,1,0,0,0,1,0,0,0,0,0,0,1,1,0,0,0,0,1,0,0,0,60000000,0,0.822304588140367,IndexOfElemFalseColStack16
0,0,0,0,1,0,0,0,0,1,0,0,0,0,0,0,0,1,0,0,0,1,0,0,0,0,0,0,1,1,0,0,0,0,1,0,0,0,10000,0,6.335693850449918E-5,IndexOfElemFalseColStack30
0,1,0,0,1,0,0,0,0,0,0,0,0,0,0,0,0,0,0,0,0,1,0,1,0,1,0,0,0,1,0,0,0,0,1,0,0,0,1500000,0,0.0162747640935646,IndexOfElemFalseColVector109
0,0,0,0,1,0,1,0,0,1,0,0,0,0,0,0,0,0,0,0,0,1,0,0,0,1,0,0,0,1,0,0,0,0,1,0,0,0,40000000,0,0.533545532440442,IndexOfElemFalseColVector11
0,0,0,1,1,0,0,0,1,0,0,0,0,0,0,0,0,0,0,0,0,1,0,0,0,0,0,0,1,1,0,0,0,0,1,0,0,0,350000,0,0.008377847431424777,IndexOfElemFalseColStack51
0,0,0,1,1,0,0,0,0,0,0,0,0,0,0,0,0,0,0,0,0,1,0,0,0,1,0,0,0,1,0,0,0,0,1,0,1,0,7500000,0,0.19628376982331033,IndexOfElemFalseColVector62
0,0,0,0,1,0,0,0,0,0,1,0,0,0,0,0,1,0,0,0,0,1,0,0,0,0,0,0,1,1,0,0,0,0,1,0,0,0,50,0,1.9805005152988862E-7,IndexOfElemFalseColStack192
0,0,0,0,1,0,0,0,0,0,0,0,0,0,1,1,0,0,0,0,0,1,0,0,0,0,0,0,0,1,0,0,0,0,1,1,0,0,50000,0,1.4553451116146784E-4,IndexOfElemFalseColCopyOnWriteArrayList129
0,1,1,0,1,0,0,0,0,0,0,0,0,0,0,0,0,0,0,0,0,1,0,0,0,0,0,0,0,1,0,0,0,0,1,1,0,0,50000,0,2.7857061976341486E-4,IndexOfElemFalseColCopyOnWriteArrayList80
0,0,0,0,1,0,0,0,0,0,0,0,0,0,1,1,0,0,0,0,0,1,0,0,0,0,0,0,0,1,0,0,0,0,1,1,0,0,250000,0,0.0013559858112469289,IndexOfElemFalseColCopyOnWriteArrayList131
0,0,0,1,1,0,0,0,1,0,0,0,0,0,0,0,0,0,0,0,0,1,0,0,0,0,0,0,1,1,0,0,0,0,1,0,0,0,5000000,0,0.10165194545770047,IndexOfElemFalseColStack54
0,0,0,1,1,0,0,0,0,0,0,0,0,0,0,0,0,0,0,0,0,1,0,0,0,1,0,0,0,1,0,0,0,0,1,0,1,0,250,0,1.7509966304627027E-6,IndexOfElemFalseColVector44
0,0,0,1,1,0,0,0,1,0,0,0,0,0,0,0,0,0,0,0,0,1,0,0,0,0,0,0,1,1,0,0,0,0,1,0,0,0,75000000,0,1.6964859930511438,IndexOfElemFalseColStack58
0,0,0,0,1,0,0,0,0,0,0,0,0,0,0,0,1,0,0,0,0,1,0,0,0,1,0,0,0,1,0,1,0,0,1,0,0,0,1000,0,4.197354657510883E-6,IndexOfElemFalseColVector167
0,0,0,0,1,0,0,0,0,0,0,1,0,0,0,1,0,0,0,0,0,1,0,0,0,1,0,0,0,1,0,0,0,0,1,0,0,0,20000000,0,0.09202706526975117,IndexOfElemFalseColVector146
0,0,0,0,1,0,0,0,0,0,0,0,0,0,1,1,0,0,0,0,0,1,0,0,0,0,0,0,0,1,0,0,0,0,1,1,0,0,10,0,1.7962682201406494E-7,IndexOfElemFalseColCopyOnWriteArrayList130
0,0,0,1,1,0,0,0,0,0,0,0,0,0,0,0,0,0,0,0,0,1,0,0,0,0,0,0,0,1,0,0,1,0,1,1,0,0,500,0,7.031282129106726E-6,IndexOfElemFalseColCopyOnWriteArrayList59
0,0,0,1,1,0,0,0,0,0,0,0,0,0,0,0,0,0,0,0,0,1,0,0,0,1,0,0,0,1,0,0,0,0,1,0,1,0,3000000,0,0.058702512836825614,IndexOfElemFalseColVector68
0,0,0,0,1,0,0,0,0,0,0,1,0,0,0,1,0,0,0,0,0,1,0,0,0,1,0,0,0,1,0,0,0,0,1,0,0,0,25000,0,1.1520012100910407E-4,IndexOfElemFalseColVector134
0,0,0,0,1,0,0,0,0,0,1,0,0,0,0,0,1,0,0,0,0,1,0,0,0,0,0,0,1,1,0,0,0,0,1,0,0,0,2500,0,7.000523699088475E-6,IndexOfElemFalseColStack175
0,0,0,1,1,0,0,0,0,0,0,0,0,0,0,0,0,0,0,0,0,1,0,0,0,1,0,0,0,1,0,0,0,0,1,0,1,0,4000000,0,0.10163500751609557,IndexOfElemFalseColVector52
0,0,0,0,1,0,1,0,0,1,0,0,0,0,0,0,0,0,0,0,0,1,0,0,0,1,0,0,0,1,0,0,0,0,1,0,0,0,5000000,0,0.0666480641799426,IndexOfElemFalseColVector7
0,1,0,0,1,0,0,0,0,0,0,0,0,0,0,0,0,0,0,0,0,1,1,0,0,0,0,0,1,1,0,0,0,0,1,0,0,0,50,0,5.330730510194516E-7,IndexOfElemFalseColStack102
0,1,0,0,1,0,0,0,0,0,0,0,0,0,0,0,0,0,0,0,0,1,0,1,0,1,0,0,0,1,0,0,0,0,1,0,0,0,10000000,0,0.14616421428518872,IndexOfElemFalseColVector82
0,0,0,0,1,0,0,0,0,0,0,0,0,0,0,0,1,0,0,0,0,1,0,0,0,1,0,0,0,1,0,1,0,0,1,0,0,0,1500000,0,0.04200868405781851,IndexOfElemFalseColVector156
0,0,0,0,1,0,0,0,0,0,0,1,0,0,0,1,0,0,0,0,0,1,0,0,0,1,0,0,0,1,0,0,0,0,1,0,0,0,500,0,2.6615262294585133E-6,IndexOfElemFalseColVector126
0,0,0,0,1,0,0,0,0,0,0,0,0,0,1,1,0,0,0,0,0,1,0,0,0,0,0,0,0,1,0,0,0,0,1,1,0,0,250,0,9.038321955156142E-7,IndexOfElemFalseColCopyOnWriteArrayList149
0,0,0,0,1,0,0,0,0,0,0,0,0,0,0,1,0,0,0,0,0,1,0,0,0,0,0,0,1,1,0,0,0,1,1,0,0,0,1500000,0,0.008188299536820107,IndexOfElemFalseColStack120
0,0,0,0,1,0,0,0,0,1,0,0,0,0,0,0,0,0,0,0,0,1,0,0,1,0,0,0,0,1,0,0,0,0,1,1,0,0,10000,0,1.7381948709210477E-4,IndexOfElemFalseColCopyOnWriteArrayList3
0,0,0,0,1,0,0,0,0,0,0,1,0,0,0,1,0,0,0,0,0,1,0,0,0,1,0,0,0,1,0,0,0,0,1,0,0,0,5000,0,2.54661222039107E-5,IndexOfElemFalseColVector151
0,0,0,1,1,0,0,0,1,0,0,0,0,0,0,0,0,0,0,0,0,1,0,0,0,0,0,0,1,1,0,0,0,0,1,0,0,0,100000,0,5.687216525214938E-4,IndexOfElemFalseColStack55
0,0,0,0,1,0,0,0,0,0,1,0,0,0,0,0,1,0,0,0,0,1,0,0,0,0,0,0,1,1,0,0,0,0,1,0,0,0,10000000,0,0.17129889686574937,IndexOfElemFalseColStack193
0,0,0,0,1,0,0,0,0,1,0,0,0,0,0,0,0,1,0,0,0,1,0,0,0,0,0,0,1,1,0,0,0,0,1,0,0,0,2000000,0,0.03288667538977958,IndexOfElemFalseColStack3
0,0,0,1,1,0,0,0,0,0,0,0,0,0,0,0,0,0,0,0,0,1,0,0,0,1,0,0,0,1,0,0,0,0,1,0,1,0,10,0,1.6616886707864262E-7,IndexOfElemFalseColVector61
0,1,0,0,1,0,0,0,0,0,0,0,0,0,0,0,0,0,0,0,0,1,0,1,0,1,0,0,0,1,0,0,0,0,1,0,0,0,75000,0,5.832745857991641E-4,IndexOfElemFalseColVector90
0,0,0,0,1,0,0,0,0,0,1,0,0,0,0,0,1,0,0,0,0,1,0,0,0,0,0,0,1,1,0,0,0,0,1,0,0,0,500000,0,0.009767213337703475,IndexOfElemFalseColStack185
0,1,1,0,1,0,0,0,0,0,0,0,0,0,0,0,0,0,0,0,0,1,0,0,0,0,0,0,0,1,0,0,0,0,1,1,0,0,150000,0,0.0017628238771508367,IndexOfElemFalseColCopyOnWriteArrayList103
0,0,0,0,1,0,0,0,0,1,0,0,0,0,0,0,0,0,0,0,0,1,0,0,1,0,0,0,0,1,0,0,0,0,1,1,0,0,25000,0,1.3929620667948512E-4,IndexOfElemFalseColCopyOnWriteArrayList36
0,0,0,0,1,0,0,0,0,0,0,0,0,0,0,1,0,0,0,0,0,1,0,0,0,0,0,0,1,1,0,0,0,1,1,0,0,0,10,0,1.653412412779959E-7,IndexOfElemFalseColStack142
0,1,0,0,1,0,0,0,0,0,0,0,0,0,0,0,0,0,0,0,0,1,0,1,0,1,0,0,0,1,0,0,0,0,1,0,0,0,100,0,8.91331083497406E-7,IndexOfElemFalseColVector113
0,0,0,0,1,0,0,0,0,1,0,0,0,0,0,0,0,1,0,0,0,1,0,0,0,0,0,0,1,1,0,0,0,0,1,0,0,0,200000,0,0.0018212683757313534,IndexOfElemFalseColStack33
0,0,0,0,1,0,0,0,0,0,0,0,0,0,0,1,0,0,0,0,0,1,0,0,0,0,0,0,1,1,0,0,0,1,1,0,0,0,40000000,0,0.20717276238898574,IndexOfElemFalseColStack132
0,0,0,0,1,0,0,0,0,0,0,1,0,0,0,1,0,0,0,0,0,1,0,0,0,1,0,0,0,1,0,0,0,0,1,0,0,0,500000,0,0.002710541434275538,IndexOfElemFalseColVector147
0,0,0,1,1,0,0,0,1,0,0,0,0,0,0,0,0,0,0,0,0,1,0,0,0,0,0,0,1,1,0,0,0,0,1,0,0,0,7500000,0,0.186163264184498,IndexOfElemFalseColStack76
0,0,0,0,1,0,0,0,0,1,0,0,0,0,0,0,0,1,0,0,0,1,0,0,0,0,0,0,1,1,0,0,0,0,1,0,0,0,1000,0,4.057134375945371E-6,IndexOfElemFalseColStack22
0,0,0,0,1,0,0,0,0,0,0,0,0,0,1,1,0,0,0,0,0,1,0,0,0,0,0,0,0,1,0,0,0,0,1,1,0,0,1,0,1.7744461860182522E-7,IndexOfElemFalseColCopyOnWriteArrayList148
0,0,0,0,1,0,0,0,0,0,0,0,0,0,0,1,0,0,0,0,0,1,0,0,0,0,0,0,1,1,0,0,0,1,1,0,0,0,4000000,0,0.02415815290180293,IndexOfElemFalseColStack146
0,0,0,0,1,0,0,0,0,0,0,1,0,0,0,1,0,0,0,0,0,1,0,0,0,1,0,0,0,1,0,0,0,0,1,0,0,0,750000,0,0.003107671734920595,IndexOfElemFalseColVector139
0,0,0,0,1,0,0,0,0,0,0,1,0,0,0,1,0,0,0,0,0,1,0,0,0,1,0,0,0,1,0,0,0,0,1,0,0,0,50,0,3.495768860331366E-7,IndexOfElemFalseColVector132
0,1,0,0,1,0,0,0,0,0,0,0,0,0,0,0,0,0,0,0,0,1,1,0,0,0,0,0,1,1,0,0,0,0,1,0,0,0,75000,0,3.076386905661265E-4,IndexOfElemFalseColStack112
0,0,0,1,1,0,0,0,0,0,0,0,0,0,0,0,0,0,0,0,0,1,0,0,0,0,0,0,0,1,0,0,1,0,1,1,0,0,200000,0,0.0024969729054948766,IndexOfElemFalseColCopyOnWriteArrayList55
0,0,0,1,1,0,0,0,0,0,0,0,0,0,0,0,0,0,0,0,0,1,0,0,0,1,0,0,0,1,0,0,0,0,1,0,1,0,75000,0,5.982498512693135E-4,IndexOfElemFalseColVector56
0,0,0,1,1,0,0,0,1,0,0,0,0,0,0,0,0,0,0,0,0,1,0,0,0,0,0,0,1,1,0,0,0,0,1,0,0,0,10,0,2.4330075218173234E-7,IndexOfElemFalseColStack70
0,0,0,0,1,0,0,0,0,0,0,0,0,0,0,0,1,0,0,0,0,1,0,0,0,1,0,0,0,1,0,1,0,0,1,0,0,0,60000000,0,0.9393067778795322,IndexOfElemFalseColVector182
0,1,0,0,1,0,0,0,0,0,0,0,0,0,0,0,0,0,0,0,0,1,0,1,0,1,0,0,0,1,0,0,0,0,1,0,0,0,150000,0,0.0018836024023860909,IndexOfElemFalseColVector95
0,0,0,0,1,0,0,0,0,1,0,0,0,0,0,0,0,0,0,0,0,1,0,0,1,0,0,0,0,1,0,0,0,0,1,1,0,0,75000,0,3.836570931278113E-4,IndexOfElemFalseColCopyOnWriteArrayList25
0,1,0,0,1,0,0,0,0,0,0,0,0,0,0,0,0,0,0,0,0,1,1,0,0,0,0,0,1,1,0,0,0,0,1,0,0,0,1000000,0,0.009270571440090825,IndexOfElemFalseColStack89
0,0,0,0,1,0,0,0,0,1,0,0,0,0,0,0,0,1,0,0,0,1,0,0,0,0,0,0,1,1,0,0,0,0,1,0,0,0,500000,0,0.006646469861621823,IndexOfElemFalseColStack37
0,0,0,1,1,0,0,0,0,0,0,0,0,0,0,0,0,0,0,0,0,1,0,0,0,0,0,0,0,1,0,0,1,0,1,1,0,0,5,0,1.7606226858562555E-7,IndexOfElemFalseColCopyOnWriteArrayList51
0,1,0,0,1,0,0,0,0,0,0,0,0,0,0,0,0,0,0,0,0,1,0,1,0,1,0,0,0,1,0,0,0,0,1,0,0,0,1000,0,7.738819773708986E-6,IndexOfElemFalseColVector93
0,1,1,0,1,0,0,0,0,0,0,0,0,0,0,0,0,0,0,0,0,1,0,0,0,0,0,0,0,1,0,0,0,0,1,1,0,0,75000,0,8.250024234568692E-4,IndexOfElemFalseColCopyOnWriteArrayList87
0,0,0,1,1,0,0,0,0,0,0,0,0,0,0,0,0,0,0,0,0,1,0,0,0,1,0,0,0,1,0,0,0,0,1,0,1,0,50,0,4.3855414468119535E-7,IndexOfElemFalseColVector42
0,1,0,0,1,0,0,0,0,0,0,0,0,0,0,0,0,0,0,0,0,1,1,0,0,0,0,0,1,1,0,0,0,0,1,0,0,0,5000,0,3.3795855559681455E-5,IndexOfElemFalseColStack88
0,0,0,0,1,0,0,0,0,0,0,0,0,0,0,0,1,0,0,0,0,1,0,0,0,1,0,0,0,1,0,1,0,0,1,0,0,0,500,0,2.577469630821829E-6,IndexOfElemFalseColVector168
0,0,0,0,1,0,0,0,0,0,0,0,0,0,0,0,1,0,1,0,0,1,0,0,0,0,0,0,0,1,0,0,0,0,1,1,0,0,250000,0,0.001948913216761194,IndexOfElemFalseColCopyOnWriteArrayList172
0,0,0,0,1,0,1,0,0,1,0,0,0,0,0,0,0,0,0,0,0,1,0,0,0,1,0,0,0,1,0,0,0,0,1,0,0,0,1500000,0,0.02022592801343088,IndexOfElemFalseColVector17
0,0,0,1,1,0,0,0,0,0,0,0,0,0,0,0,0,0,0,0,0,1,0,0,0,0,0,0,0,1,0,0,1,0,1,1,0,0,2500,0,3.1335410626670454E-5,IndexOfElemFalseColCopyOnWriteArrayList50
0,0,0,0,1,0,0,0,0,0,0,1,0,0,0,1,0,0,0,0,0,1,0,0,0,1,0,0,0,1,0,0,0,0,1,0,0,0,1000000,0,0.0028556668956706446,IndexOfElemFalseColVector135
0,0,0,1,1,0,0,0,1,0,0,0,0,0,0,0,0,0,0,0,0,1,0,0,0,0,0,0,1,1,0,0,0,0,1,0,0,0,15000000,0,0.23173413108166746,IndexOfElemFalseColStack40
0,0,0,0,1,0,0,0,0,0,0,0,0,0,0,0,1,0,0,0,0,1,0,0,0,1,0,0,0,1,0,1,0,0,1,0,0,0,1000000,0,0.019273175295562373,IndexOfElemFalseColVector184
0,0,0,0,1,0,0,0,0,0,0,0,0,0,0,0,1,0,1,0,0,1,0,0,0,0,0,0,0,1,0,0,0,0,1,1,0,0,1000,0,8.618650979629275E-6,IndexOfElemFalseColCopyOnWriteArrayList166
0,0,0,0,1,0,1,0,0,1,0,0,0,0,0,0,0,0,0,0,0,1,0,0,0,1,0,0,0,1,0,0,0,0,1,0,0,0,5,0,1.839333547205368E-7,IndexOfElemFalseColVector28
0,0,0,0,1,0,1,0,0,1,0,0,0,0,0,0,0,0,0,0,0,1,0,0,0,1,0,0,0,1,0,0,0,0,1,0,0,0,3000000,0,0.03842526871031794,IndexOfElemFalseColVector21
0,0,0,0,1,0,0,0,0,0,1,0,0,0,0,0,1,0,0,0,0,1,0,0,0,0,0,0,1,1,0,0,0,0,1,0,0,0,1000,0,4.631311930132693E-6,IndexOfElemFalseColStack172
0,0,0,0,1,0,0,0,0,0,0,0,0,0,0,1,0,0,0,0,0,1,0,0,0,0,0,0,1,1,0,0,0,1,1,0,0,0,100,0,6.813632206027808E-7,IndexOfElemFalseColStack140
0,0,0,1,1,0,0,0,1,0,0,0,0,0,0,0,0,0,0,0,0,1,0,0,0,0,0,0,1,1,0,0,0,0,1,0,0,0,55000000,0,0.9445276197095012,IndexOfElemFalseColStack63
0,0,0,1,1,0,0,0,0,0,0,0,0,0,0,0,0,0,0,0,0,1,0,0,0,1,0,0,0,1,0,0,0,0,1,0,1,0,25000,0,1.7965115110327997E-4,IndexOfElemFalseColVector54
0,1,0,0,1,0,0,0,0,0,0,0,0,0,0,0,0,0,0,0,0,1,0,1,0,1,0,0,0,1,0,0,0,0,1,0,0,0,5000,0,4.60676191619198E-5,IndexOfElemFalseColVector115
0,0,0,0,1,0,0,0,0,0,0,0,0,0,0,0,1,0,0,0,0,1,0,0,0,1,0,0,0,1,0,1,0,0,1,0,0,0,100,0,6.188173255804873E-7,IndexOfElemFalseColVector164
0,1,1,0,1,0,0,0,0,0,0,0,0,0,0,0,0,0,0,0,0,1,0,0,0,0,0,0,0,1,0,0,0,0,1,1,0,0,5,0,1.6410169193712286E-7,IndexOfElemFalseColCopyOnWriteArrayList82
0,0,0,0,1,0,0,0,0,1,0,0,0,0,0,0,0,0,0,0,0,1,0,0,1,0,0,0,0,1,0,0,0,0,1,1,0,0,250000,0,0.001084432507152162,IndexOfElemFalseColCopyOnWriteArrayList31
0,0,0,1,1,0,0,0,1,0,0,0,0,0,0,0,0,0,0,0,0,1,0,0,0,0,0,0,1,1,0,0,0,0,1,0,0,0,500000,0,0.010008187219874207,IndexOfElemFalseColStack73
0,1,1,0,1,0,0,0,0,0,0,0,0,0,0,0,0,0,0,0,0,1,0,0,0,0,0,0,0,1,0,0,0,0,1,1,0,0,1,0,1.206154677028988E-7,IndexOfElemFalseColCopyOnWriteArrayList104
0,0,0,0,1,0,0,0,0,0,0,1,0,0,0,1,0,0,0,0,0,1,0,0,0,1,0,0,0,1,0,0,0,0,1,0,0,0,2000000,0,0.01010130687078242,IndexOfElemFalseColVector140
0,0,0,0,1,0,0,0,0,1,0,0,0,0,0,0,0,1,0,0,0,1,0,0,0,0,0,0,1,1,0,0,0,0,1,0,0,0,25000,0,1.1429799978153095E-4,IndexOfElemFalseColStack7
0,0,0,0,1,0,0,0,0,1,0,0,0,0,0,0,0,1,0,0,0,1,0,0,0,0,0,0,1,1,0,0,0,0,1,0,0,0,1500000,0,0.02276545108016986,IndexOfElemFalseColStack26
0,0,0,1,1,0,0,0,0,0,0,0,0,0,0,0,0,0,0,0,0,1,0,0,0,0,0,0,0,1,0,0,1,0,1,1,0,0,1,0,9.874897139664629E-8,IndexOfElemFalseColCopyOnWriteArrayList61
0,1,0,0,1,0,0,0,0,0,0,0,0,0,0,0,0,0,0,0,0,1,0,1,0,1,0,0,0,1,0,0,0,0,1,0,0,0,350000,0,0.0019474791557147846,IndexOfElemFalseColVector85
0,0,0,1,1,0,0,0,1,0,0,0,0,0,0,0,0,0,0,0,0,1,0,0,0,0,0,0,1,1,0,0,0,0,1,0,0,0,30000000,0,0.5989592166466211,IndexOfElemFalseColStack74
0,1,0,0,1,0,0,0,0,0,0,0,0,0,0,0,0,0,0,0,0,1,1,0,0,0,0,0,1,1,0,0,0,0,1,0,0,0,10000000,0,0.13153990478761515,IndexOfElemFalseColStack90
0,0,0,0,1,0,0,0,0,0,0,0,0,0,0,1,0,0,0,0,0,1,0,0,0,0,0,0,1,1,0,0,0,1,1,0,0,0,350000,0,0.002186178687485688,IndexOfElemFalseColStack118
0,0,0,0,1,0,0,0,0,0,0,0,0,0,0,0,1,0,0,0,0,1,0,0,0,1,0,0,0,1,0,1,0,0,1,0,0,0,5000,0,2.2854832020506872E-5,IndexOfElemFalseColVector158
0,0,0,0,1,0,1,0,0,1,0,0,0,0,0,0,0,0,0,0,0,1,0,0,0,1,0,0,0,1,0,0,0,0,1,0,0,0,75000000,0,1.3610963184711662,IndexOfElemFalseColVector5
0,1,0,0,1,0,0,0,0,0,0,0,0,0,0,0,0,0,0,0,0,1,1,0,0,0,0,0,1,1,0,0,0,0,1,0,0,0,10,0,1.8068249236053644E-7,IndexOfElemFalseColStack109
0,0,0,1,1,0,0,0,1,0,0,0,0,0,0,0,0,0,0,0,0,1,0,0,0,0,0,0,1,1,0,0,0,0,1,0,0,0,4000000,0,0.10708641088783626,IndexOfElemFalseColStack50
0,1,0,0,1,0,0,0,0,0,0,0,0,0,0,0,0,0,0,0,0,1,1,0,0,0,0,0,1,1,0,0,0,0,1,0,0,0,60000000,0,0.6769200308469586,IndexOfElemFalseColStack91
0,0,0,0,1,0,0,0,0,0,0,0,0,0,1,1,0,0,0,0,0,1,0,0,0,0,0,0,0,1,0,0,0,0,1,1,0,0,500,0,3.2737753266420615E-6,IndexOfElemFalseColCopyOnWriteArrayList151
0,0,0,0,1,0,0,0,0,0,0,0,0,0,0,1,0,0,0,0,0,1,0,0,0,0,0,0,1,1,0,0,0,1,1,0,0,0,7500000,0,0.04285135342689833,IndexOfElemFalseColStack135
0,0,0,0,1,0,0,0,0,1,0,0,0,0,0,0,0,1,0,0,0,1,0,0,0,0,0,0,1,1,0,0,0,0,1,0,0,0,250,0,1.733791888534869E-6,IndexOfElemFalseColStack13
0,0,0,0,1,0,0,0,0,0,1,0,0,0,0,0,1,0,0,0,0,1,0,0,0,0,0,0,1,1,0,0,0,0,1,0,0,0,60000000,0,1.2078501843554716,IndexOfElemFalseColStack167
0,0,0,0,1,0,0,0,0,0,0,1,0,0,0,1,0,0,0,0,0,1,0,0,0,1,0,0,0,1,0,0,0,0,1,0,0,0,50000000,0,0.27396081988998316,IndexOfElemFalseColVector122
0,0,0,0,1,0,0,0,0,0,0,0,0,0,0,0,1,0,1,0,0,1,0,0,0,0,0,0,0,1,0,0,0,0,1,1,0,0,100,0,4.845655280233495E-7,IndexOfElemFalseColCopyOnWriteArrayList156
0,1,0,0,1,0,0,0,0,0,0,0,0,0,0,0,0,0,0,0,0,1,0,1,0,1,0,0,0,1,0,0,0,0,1,0,0,0,250000,0,0.0018768906904323742,IndexOfElemFalseColVector78
0,0,0,1,1,0,0,0,1,0,0,0,0,0,0,0,0,0,0,0,0,1,0,0,0,0,0,0,1,1,0,0,0,0,1,0,0,0,25000,0,2.789373000827279E-4,IndexOfElemFalseColStack68
0,0,0,0,1,0,0,0,0,0,1,0,0,0,0,0,1,0,0,0,0,1,0,0,0,0,0,0,1,1,0,0,0,0,1,0,0,0,3000000,0,0.06925165547719318,IndexOfElemFalseColStack162
0,0,0,0,1,0,0,0,0,1,0,0,0,0,0,0,0,0,0,0,0,1,0,0,1,0,0,0,0,1,0,0,0,0,1,1,0,0,150000,0,8.882236407095599E-4,IndexOfElemFalseColCopyOnWriteArrayList27
0,0,0,0,1,0,0,0,0,0,0,0,0,0,0,1,0,0,0,0,0,1,0,0,0,0,0,0,1,1,0,0,0,1,1,0,0,0,5,0,1.617395455546373E-7,IndexOfElemFalseColStack147
0,0,0,0,1,0,0,0,0,0,0,0,0,0,0,1,0,0,0,0,0,1,0,0,0,0,0,0,1,1,0,0,0,1,1,0,0,0,10000,0,3.973311616101868E-5,IndexOfElemFalseColStack138
0,0,0,0,1,0,0,0,0,0,0,0,0,0,0,0,1,0,0,0,0,1,0,0,0,1,0,0,0,1,0,1,0,0,1,0,0,0,5,0,1.39232548276379E-7,IndexOfElemFalseColVector187
0,0,0,0,1,0,0,0,0,0,1,0,0,0,0,0,1,0,0,0,0,1,0,0,0,0,0,0,1,1,0,0,0,0,1,0,0,0,25,0,1.863853227091653E-7,IndexOfElemFalseColStack168
0,0,0,0,1,0,1,0,0,1,0,0,0,0,0,0,0,0,0,0,0,1,0,0,0,1,0,0,0,1,0,0,0,0,1,0,0,0,350000,0,0.005052284805574012,IndexOfElemFalseColVector30
0,1,0,0,1,0,0,0,0,0,0,0,0,0,0,0,0,0,0,0,0,1,1,0,0,0,0,0,1,1,0,0,0,0,1,0,0,0,5000000,0,0.0730750970720634,IndexOfElemFalseColStack107
0,0,0,0,1,0,1,0,0,1,0,0,0,0,0,0,0,0,0,0,0,1,0,0,0,1,0,0,0,1,0,0,0,0,1,0,0,0,7500000,0,0.09744168465073963,IndexOfElemFalseColVector20
0,1,1,0,1,0,0,0,0,0,0,0,0,0,0,0,0,0,0,0,0,1,0,0,0,0,0,0,0,1,0,0,0,0,1,1,0,0,250,0,2.472434756866019E-6,IndexOfElemFalseColCopyOnWriteArrayList91
0,0,0,1,1,0,0,0,0,0,0,0,0,0,0,0,0,0,0,0,0,1,0,0,0,0,0,0,0,1,0,0,1,0,1,1,0,0,50000,0,2.4187951974464055E-4,IndexOfElemFalseColCopyOnWriteArrayList39
0,0,0,1,1,0,0,0,0,0,0,0,0,0,0,0,0,0,0,0,0,1,0,0,0,0,0,0,0,1,0,0,1,0,1,1,0,0,10,0,2.7030207002776444E-7,IndexOfElemFalseColCopyOnWriteArrayList67
0,0,0,0,1,0,0,0,0,0,0,0,0,0,1,1,0,0,0,0,0,1,0,0,0,0,0,0,0,1,0,0,0,0,1,1,0,0,25000,0,1.245966080861549E-4,IndexOfElemFalseColCopyOnWriteArrayList133
0,0,0,0,1,0,1,0,0,1,0,0,0,0,0,0,0,0,0,0,0,1,0,0,0,1,0,0,0,1,0,0,0,0,1,0,0,0,10000,0,3.824301545728316E-5,IndexOfElemFalseColVector6
0,0,0,0,1,0,0,0,0,0,1,0,0,0,0,0,1,0,0,0,0,1,0,0,0,0,0,0,1,1,0,0,0,0,1,0,0,0,30000000,0,0.680342531703878,IndexOfElemFalseColStack183
0,0,0,0,1,0,0,0,0,0,0,0,0,0,0,0,1,0,0,0,0,1,0,0,0,1,0,0,0,1,0,1,0,0,1,0,0,0,50000,0,2.543747880542288E-4,IndexOfElemFalseColVector186
0,0,0,1,1,0,0,0,0,0,0,0,0,0,0,0,0,0,0,0,0,1,0,0,0,0,0,0,0,1,0,0,1,0,1,1,0,0,250000,0,0.01624474924114762,IndexOfElemFalseColCopyOnWriteArrayList65
0,0,0,0,1,0,0,0,0,0,0,0,0,0,0,1,0,0,0,0,0,1,0,0,0,0,0,0,1,1,0,0,0,1,1,0,0,0,2500,0,9.201403430675484E-6,IndexOfElemFalseColStack145
0,1,1,0,1,0,0,0,0,0,0,0,0,0,0,0,0,0,0,0,0,1,0,0,0,0,0,0,0,1,0,0,0,0,1,1,0,0,10,0,1.4194423964434324E-7,IndexOfElemFalseColCopyOnWriteArrayList94
0,0,0,0,1,0,1,0,0,1,0,0,0,0,0,0,0,0,0,0,0,1,0,0,0,1,0,0,0,1,0,0,0,0,1,0,0,0,150000,0,4.5498176067965953E-4,IndexOfElemFalseColVector3
0,0,0,1,1,0,0,0,0,0,0,0,0,0,0,0,0,0,0,0,0,1,0,0,0,1,0,0,0,1,0,0,0,0,1,0,1,0,10000,0,8.82617857089811E-5,IndexOfElemFalseColVector46
0,0,0,0,1,0,0,0,0,0,0,0,0,0,0,0,1,0,0,0,0,1,0,0,0,1,0,0,0,1,0,1,0,0,1,0,0,0,150000,0,0.0010707537156903033,IndexOfElemFalseColVector173
0,1,0,0,1,0,0,0,0,0,0,0,0,0,0,0,0,0,0,0,0,1,0,1,0,1,0,0,0,1,0,0,0,0,1,0,0,0,2000000,0,0.0432805190838589,IndexOfElemFalseColVector100
0,1,0,0,1,0,0,0,0,0,0,0,0,0,0,0,0,0,0,0,0,1,0,1,0,1,0,0,0,1,0,0,0,0,1,0,0,0,5000000,0,0.0834969960770989,IndexOfElemFalseColVector80
0,1,1,0,1,0,0,0,0,0,0,0,0,0,0,0,0,0,0,0,0,1,0,0,0,0,0,0,0,1,0,0,0,0,1,1,0,0,100,0,7.481109900562374E-7,IndexOfElemFalseColCopyOnWriteArrayList108
0,0,0,0,1,0,0,0,0,0,0,0,0,0,0,0,1,0,1,0,0,1,0,0,0,0,0,0,0,1,0,0,0,0,1,1,0,0,50000,0,2.4459838139895154E-4,IndexOfElemFalseColCopyOnWriteArrayList169
0,1,0,0,1,0,0,0,0,0,0,0,0,0,0,0,0,0,0,0,0,1,0,1,0,1,0,0,0,1,0,0,0,0,1,0,0,0,20000000,0,0.31417195196996406,IndexOfElemFalseColVector81
0,0,0,0,1,0,0,0,0,1,0,0,0,0,0,0,0,0,0,0,0,1,0,0,1,0,0,0,0,1,0,0,0,0,1,1,0,0,10,0,1.6288518579522145E-7,IndexOfElemFalseColCopyOnWriteArrayList22
0,1,0,0,1,0,0,0,0,0,0,0,0,0,0,0,0,0,0,0,0,1,1,0,0,0,0,0,1,1,0,0,0,0,1,0,0,0,40000000,0,0.7251009347556769,IndexOfElemFalseColStack81
0,0,0,0,1,0,0,0,0,0,1,0,0,0,0,0,1,0,0,0,0,1,0,0,0,0,0,0,1,1,0,0,0,0,1,0,0,0,20000000,0,0.29896337691315805,IndexOfElemFalseColStack181
0,0,0,0,1,0,0,0,0,0,1,0,0,0,0,0,1,0,0,0,0,1,0,0,0,0,0,0,1,1,0,0,0,0,1,0,0,0,500,0,1.7347175092929103E-6,IndexOfElemFalseColStack158
0,0,0,0,1,0,0,0,0,1,0,0,0,0,0,0,0,0,0,0,0,1,0,0,1,0,0,0,0,1,0,0,0,0,1,1,0,0,50,0,3.622922511449378E-7,IndexOfElemFalseColCopyOnWriteArrayList18
0,0,0,0,1,0,1,0,0,1,0,0,0,0,0,0,0,0,0,0,0,1,0,0,0,1,0,0,0,1,0,0,0,0,1,0,0,0,100000,0,6.52079296613594E-4,IndexOfElemFalseColVector19
0,0,0,1,1,0,0,0,0,0,0,0,0,0,0,0,0,0,0,0,0,1,0,0,0,1,0,0,0,1,0,0,0,0,1,0,1,0,40000000,0,0.7110330111948557,IndexOfElemFalseColVector77
0,1,0,0,1,0,0,0,0,0,0,0,0,0,0,0,0,0,0,0,0,1,0,1,0,1,0,0,0,1,0,0,0,0,1,0,0,0,500,0,2.7761672788602906E-6,IndexOfElemFalseColVector99
0,0,0,0,1,0,0,0,0,0,0,0,0,0,0,0,1,0,0,0,0,1,0,0,0,1,0,0,0,1,0,1,0,0,1,0,0,0,3000000,0,0.024923017045513276,IndexOfElemFalseColVector162
0,0,0,1,1,0,0,0,0,0,0,0,0,0,0,0,0,0,0,0,0,1,0,0,0,1,0,0,0,1,0,0,0,0,1,0,1,0,150000,0,0.001167763063285223,IndexOfElemFalseColVector71
0,0,0,1,1,0,0,0,1,0,0,0,0,0,0,0,0,0,0,0,0,1,0,0,0,0,0,0,1,1,0,0,0,0,1,0,0,0,750000,0,0.02117986655611922,IndexOfElemFalseColStack57
0,0,0,1,1,0,0,0,1,0,0,0,0,0,0,0,0,0,0,0,0,1,0,0,0,0,0,0,1,1,0,0,0,0,1,0,0,0,10000,0,6.414678182086291E-5,IndexOfElemFalseColStack43
0,0,0,0,1,0,0,0,0,0,0,0,0,0,0,0,1,0,0,0,0,1,0,0,0,1,0,0,0,1,0,1,0,0,1,0,0,0,4000000,0,0.08863828803190994,IndexOfElemFalseColVector183
0,0,0,1,1,0,0,0,1,0,0,0,0,0,0,0,0,0,0,0,0,1,0,0,0,0,0,0,1,1,0,0,0,0,1,0,0,0,50000000,0,1.321491306783152,IndexOfElemFalseColStack69
0,0,0,0,1,0,0,0,0,0,1,0,0,0,0,0,1,0,0,0,0,1,0,0,0,0,0,0,1,1,0,0,0,0,1,0,0,0,55000000,0,1.0013662467248126,IndexOfElemFalseColStack161
0,0,0,0,1,0,0,0,0,0,0,0,0,0,0,0,1,0,0,0,0,1,0,0,0,1,0,0,0,1,0,1,0,0,1,0,0,0,250000,0,0.001526124880235063,IndexOfElemFalseColVector161
0,1,0,0,1,0,0,0,0,0,0,0,0,0,0,0,0,0,0,0,0,1,1,0,0,0,0,0,1,1,0,0,0,0,1,0,0,0,25,0,2.53179270478382E-7,IndexOfElemFalseColStack86
0,0,0,0,1,0,0,0,0,0,0,0,0,0,0,1,0,0,0,0,0,1,0,0,0,0,0,0,1,1,0,0,0,1,1,0,0,0,200000,0,7.866296927869101E-4,IndexOfElemFalseColStack136
0,0,0,1,1,0,0,0,0,0,0,0,0,0,0,0,0,0,0,0,0,1,0,0,0,1,0,0,0,1,0,0,0,0,1,0,1,0,20000000,0,0.4213066808072006,IndexOfElemFalseColVector74
0,0,0,0,1,0,0,0,0,0,0,0,0,0,1,1,0,0,0,0,0,1,0,0,0,0,0,0,0,1,0,0,0,0,1,1,0,0,10000,0,6.854360850312628E-5,IndexOfElemFalseColCopyOnWriteArrayList143
0,0,0,0,1,0,0,0,0,0,1,0,0,0,0,0,1,0,0,0,0,1,0,0,0,0,0,0,1,1,0,0,0,0,1,0,0,0,250,0,1.208489007258599E-6,IndexOfElemFalseColStack156
0,0,0,0,1,0,0,0,0,0,0,0,0,0,0,1,0,0,0,0,0,1,0,0,0,0,0,0,1,1,0,0,0,1,1,0,0,0,45000000,0,0.20753517190531962,IndexOfElemFalseColStack150
0,0,0,1,1,0,0,0,1,0,0,0,0,0,0,0,0,0,0,0,0,1,0,0,0,0,0,0,1,1,0,0,0,0,1,0,0,0,75000,0,4.7833518002862746E-4,IndexOfElemFalseColStack46
0,1,0,0,1,0,0,0,0,0,0,0,0,0,0,0,0,0,0,0,0,1,0,1,0,1,0,0,0,1,0,0,0,0,1,0,0,0,750000,0,0.014553541093942943,IndexOfElemFalseColVector105
0,0,0,1,1,0,0,0,0,0,0,0,0,0,0,0,0,0,0,0,0,1,0,0,0,1,0,0,0,1,0,0,0,0,1,0,1,0,5000,0,3.22205194902439E-5,IndexOfElemFalseColVector60
0,1,0,0,1,0,0,0,0,0,0,0,0,0,0,0,0,0,0,0,0,1,0,1,0,1,0,0,0,1,0,0,0,0,1,0,0,0,250,0,2.191311547335999E-6,IndexOfElemFalseColVector92
0,0,0,0,1,0,0,0,0,0,0,0,0,0,0,1,0,0,0,0,0,1,0,0,0,0,0,0,1,1,0,0,0,1,1,0,0,0,250,0,1.47398592637252E-6,IndexOfElemFalseColStack125
0,0,0,0,1,0,0,0,0,0,1,0,0,0,0,0,1,0,0,0,0,1,0,0,0,0,0,0,1,1,0,0,0,0,1,0,0,0,5,0,1.6922896843885823E-7,IndexOfElemFalseColStack180
0,0,0,0,1,0,0,0,0,0,0,0,0,0,0,0,1,0,0,0,0,1,0,0,0,1,0,0,0,1,0,1,0,0,1,0,0,0,50000000,0,1.0293365524335638,IndexOfElemFalseColVector169
0,0,0,0,1,0,0,0,0,0,0,0,0,0,0,0,1,0,1,0,0,1,0,0,0,0,0,0,0,1,0,0,0,0,1,1,0,0,100000,0,6.224537688067286E-4,IndexOfElemFalseColCopyOnWriteArrayList184
0,0,0,1,1,0,0,0,1,0,0,0,0,0,0,0,0,0,0,0,0,1,0,0,0,0,0,0,1,1,0,0,0,0,1,0,0,0,250000,0,0.004355022089025405,IndexOfElemFalseColStack44
0,0,0,0,1,0,0,0,0,1,0,0,0,0,0,0,0,1,0,0,0,1,0,0,0,0,0,0,1,1,0,0,0,0,1,0,0,0,45000000,0,0.7202224391652232,IndexOfElemFalseColStack0
0,0,0,1,1,0,0,0,0,0,0,0,0,0,0,0,0,0,0,0,0,1,0,0,0,0,0,0,0,1,0,0,1,0,1,1,0,0,250,0,1.5204734129210647E-6,IndexOfElemFalseColCopyOnWriteArrayList74
0,1,0,0,1,0,0,0,0,0,0,0,0,0,0,0,0,0,0,0,0,1,0,1,0,1,0,0,0,1,0,0,0,0,1,0,0,0,60000000,0,1.0531590288864827,IndexOfElemFalseColVector88
0,0,0,1,1,0,0,0,1,0,0,0,0,0,0,0,0,0,0,0,0,1,0,0,0,0,0,0,1,1,0,0,0,0,1,0,0,0,200000,0,0.002551131142631332,IndexOfElemFalseColStack53
0,0,0,0,1,0,0,0,0,0,1,0,0,0,0,0,1,0,0,0,0,1,0,0,0,0,0,0,1,1,0,0,0,0,1,0,0,0,200000,0,9.606488991142115E-4,IndexOfElemFalseColStack165
0,0,0,1,1,0,0,0,0,0,0,0,0,0,0,0,0,0,0,0,0,1,0,0,0,1,0,0,0,1,0,0,0,0,1,0,1,0,60000000,0,1.0523468733257635,IndexOfElemFalseColVector72
0,0,0,1,1,0,0,0,1,0,0,0,0,0,0,0,0,0,0,0,0,1,0,0,0,0,0,0,1,1,0,0,0,0,1,0,0,0,5000,0,4.080105110114066E-5,IndexOfElemFalseColStack72
0,1,0,0,1,0,0,0,0,0,0,0,0,0,0,0,0,0,0,0,0,1,1,0,0,0,0,0,1,1,0,0,0,0,1,0,0,0,75000000,0,1.093474390917727,IndexOfElemFalseColStack116
0,1,0,0,1,0,0,0,0,0,0,0,0,0,0,0,0,0,0,0,0,1,1,0,0,0,0,0,1,1,0,0,0,0,1,0,0,0,15000000,0,0.26308069280842444,IndexOfElemFalseColStack115
0,0,0,0,1,0,0,0,0,0,0,0,0,0,0,1,0,0,0,0,0,1,0,0,0,0,0,0,1,1,0,0,0,1,1,0,0,0,1000000,0,0.006163341225258162,IndexOfElemFalseColStack152
0,0,0,0,1,0,0,0,0,0,0,0,0,0,0,0,1,0,0,0,0,1,0,0,0,1,0,0,0,1,0,1,0,0,1,0,0,0,2500,0,1.0813816235822584E-5,IndexOfElemFalseColVector179
0,0,0,1,1,0,0,0,0,0,0,0,0,0,0,0,0,0,0,0,0,1,0,0,0,1,0,0,0,1,0,0,0,0,1,0,1,0,10000000,0,0.29469025062625415,IndexOfElemFalseColVector39
0,0,0,1,1,0,0,0,1,0,0,0,0,0,0,0,0,0,0,0,0,1,0,0,0,0,0,0,1,1,0,0,0,0,1,0,0,0,20000000,0,0.49094758569016356,IndexOfElemFalseColStack65
0,0,0,0,1,0,0,0,0,0,1,0,0,0,0,0,1,0,0,0,0,1,0,0,0,0,0,0,1,1,0,0,0,0,1,0,0,0,75000000,0,1.36017025736192,IndexOfElemFalseColStack179
0,0,0,0,1,0,0,0,0,1,0,0,0,0,0,0,0,1,0,0,0,1,0,0,0,0,0,0,1,1,0,0,0,0,1,0,0,0,750000,0,0.013754659985119851,IndexOfElemFalseColStack24
0,0,0,0,1,0,0,0,0,0,0,0,0,0,0,0,1,0,0,0,0,1,0,0,0,1,0,0,0,1,0,1,0,0,1,0,0,0,20000000,0,0.5303135119795994,IndexOfElemFalseColVector166
0,0,0,0,1,0,0,0,0,1,0,0,0,0,0,0,0,1,0,0,0,1,0,0,0,0,0,0,1,1,0,0,0,0,1,0,0,0,150000,0,6.352739050409958E-4,IndexOfElemFalseColStack12
0,0,0,0,1,0,0,0,0,0,0,0,0,0,1,1,0,0,0,0,0,1,0,0,0,0,0,0,0,1,0,0,0,0,1,1,0,0,25,0,2.469518197539018E-7,IndexOfElemFalseColCopyOnWriteArrayList122
0,0,0,0,1,0,0,0,0,1,0,0,0,0,0,0,0,1,0,0,0,1,0,0,0,0,0,0,1,1,0,0,0,0,1,0,0,0,4000000,0,0.03593895082273806,IndexOfElemFalseColStack6
0,0,0,0,1,0,0,0,0,0,0,0,0,0,1,1,0,0,0,0,0,1,0,0,0,0,0,0,0,1,0,0,0,0,1,1,0,0,1000,0,4.647910379875446E-6,IndexOfElemFalseColCopyOnWriteArrayList134
0,0,0,0,1,0,0,0,0,0,0,0,0,0,0,0,1,0,0,0,0,1,0,0,0,1,0,0,0,1,0,1,0,0,1,0,0,0,15000000,0,0.2433468219137227,IndexOfElemFalseColVector185
0,0,0,0,1,0,0,0,0,0,0,1,0,0,0,1,0,0,0,0,0,1,0,0,0,1,0,0,0,1,0,0,0,0,1,0,0,0,1000,0,3.935353786941051E-6,IndexOfElemFalseColVector154
0,0,0,1,1,0,0,0,1,0,0,0,0,0,0,0,0,0,0,0,0,1,0,0,0,0,0,0,1,1,0,0,0,0,1,0,0,0,1000000,0,0.02175961654745243,IndexOfElemFalseColStack61
0,0,0,1,1,0,0,0,0,0,0,0,0,0,0,0,0,0,0,0,0,1,0,0,0,0,0,0,0,1,0,0,1,0,1,1,0,0,25,0,3.3567480527082047E-7,IndexOfElemFalseColCopyOnWriteArrayList53
0,0,0,0,1,0,0,0,0,0,0,1,0,0,0,1,0,0,0,0,0,1,0,0,0,1,0,0,0,1,0,0,0,0,1,0,0,0,1500000,0,0.012078660604674489,IndexOfElemFalseColVector141
0,0,0,0,1,0,0,0,0,0,0,0,0,0,1,1,0,0,0,0,0,1,0,0,0,0,0,0,0,1,0,0,0,0,1,1,0,0,200000,0,7.661983610720687E-4,IndexOfElemFalseColCopyOnWriteArrayList117
0,0,0,0,1,0,1,0,0,1,0,0,0,0,0,0,0,0,0,0,0,1,0,0,0,1,0,0,0,1,0,0,0,0,1,0,0,0,50,0,2.3484704171348786E-7,IndexOfElemFalseColVector15
0,0,0,0,1,0,0,0,0,1,0,0,0,0,0,0,0,1,0,0,0,1,0,0,0,0,0,0,1,1,0,0,0,0,1,0,0,0,100000,0,3.067740797995468E-4,IndexOfElemFalseColStack17
